Using cpu device
/Users/shenzeqi/.pyenv/versions/3.11.14/lib/python3.11/site-packages/transformers/utils/generic.py:441: UserWarning: torch.utils._pytree._register_pytree_node is deprecated. Please use torch.utils._pytree.register_pytree_node instead.
  _torch_pytree._register_pytree_node(
已从 runs/bc0/best.pt 移植 BC 主干+policy 头(oracle 零填充,value 头随机)
BC 先验正则开启:λ=0.5
---------------------------------
| oracle/            |          |
|    keep            | 0.992    |
| rollout/           |          |
|    ep_len_mean     | 45.9     |
|    ep_rew_mean     | -0.202   |
| time/              |          |
|    fps             | 433      |
|    iterations      | 1        |
|    time_elapsed    | 4        |
|    total_timesteps | 2048     |
---------------------------------
-----------------------------------------
| oracle/                 |             |
|    keep                 | 0.984       |
| rollout/                |             |
|    ep_len_mean          | 48.5        |
|    ep_rew_mean          | -0.163      |
| time/                   |             |
|    fps                  | 177         |
|    iterations           | 2           |
|    time_elapsed         | 23          |
|    total_timesteps      | 4096        |
| train/                  |             |
|    approx_kl            | 0.008271085 |
|    bc_kl                | 0.00517     |
|    clip_fraction        | 0.0669      |
|    clip_range           | 0.2         |
|    entropy_loss         | -0.211      |
|    explained_variance   | -1.38       |
|    learning_rate        | 0.0001      |
|    loss                 | -0.000731   |
|    n_updates            | 10          |
|    policy_gradient_loss | -0.0185     |
|    value_loss           | 0.086       |
-----------------------------------------
------------------------------------------
| oracle/                 |              |
|    keep                 | 0.975        |
| rollout/                |              |
|    ep_len_mean          | 47.6         |
|    ep_rew_mean          | -0.14        |
| time/                   |              |
|    fps                  | 160          |
|    iterations           | 3            |
|    time_elapsed         | 38           |
|    total_timesteps      | 6144         |
| train/                  |              |
|    approx_kl            | 0.0076039154 |
|    bc_kl                | 0.00844      |
|    clip_fraction        | 0.0533       |
|    clip_range           | 0.2          |
|    entropy_loss         | -0.216       |
|    explained_variance   | -1.09        |
|    learning_rate        | 0.0001       |
|    loss                 | -0.00879     |
|    n_updates            | 20           |
|    policy_gradient_loss | -0.0165      |
|    value_loss           | 0.0648       |
------------------------------------------
-----------------------------------------
| oracle/                 |             |
|    keep                 | 0.967       |
| rollout/                |             |
|    ep_len_mean          | 44          |
|    ep_rew_mean          | -0.196      |
| time/                   |             |
|    fps                  | 161         |
|    iterations           | 4           |
|    time_elapsed         | 50          |
|    total_timesteps      | 8192        |
| train/                  |             |
|    approx_kl            | 0.009097546 |
|    bc_kl                | 0.0106      |
|    clip_fraction        | 0.0625      |
|    clip_range           | 0.2         |
|    entropy_loss         | -0.223      |
|    explained_variance   | -0.854      |
|    learning_rate        | 0.0001      |
|    loss                 | -0.00951    |
|    n_updates            | 30          |
|    policy_gradient_loss | -0.018      |
|    value_loss           | 0.0528      |
-----------------------------------------
------------------------------------------
| oracle/                 |              |
|    keep                 | 0.959        |
| rollout/                |              |
|    ep_len_mean          | 43.3         |
|    ep_rew_mean          | -0.202       |
| time/                   |              |
|    fps                  | 156          |
|    iterations           | 5            |
|    time_elapsed         | 65           |
|    total_timesteps      | 10240        |
| train/                  |              |
|    approx_kl            | 0.0072560646 |
|    bc_kl                | 0.0107       |
|    clip_fraction        | 0.0611       |
|    clip_range           | 0.2          |
|    entropy_loss         | -0.2         |
|    explained_variance   | -0.388       |
|    learning_rate        | 0.0001       |
|    loss                 | -0.0139      |
|    n_updates            | 40           |
|    policy_gradient_loss | -0.0204      |
|    value_loss           | 0.0312       |
------------------------------------------
------------------------------------------
| oracle/                 |              |
|    keep                 | 0.951        |
| rollout/                |              |
|    ep_len_mean          | 43.2         |
|    ep_rew_mean          | -0.18        |
| time/                   |              |
|    fps                  | 157          |
|    iterations           | 6            |
|    time_elapsed         | 78           |
|    total_timesteps      | 12288        |
| train/                  |              |
|    approx_kl            | 0.0103617245 |
|    bc_kl                | 0.0127       |
|    clip_fraction        | 0.0619       |
|    clip_range           | 0.2          |
|    entropy_loss         | -0.208       |
|    explained_variance   | -0.554       |
|    learning_rate        | 0.0001       |
|    loss                 | -0.0165      |
|    n_updates            | 50           |
|    policy_gradient_loss | -0.0181      |
|    value_loss           | 0.0355       |
------------------------------------------
----------------------------------------
| oracle/                 |            |
|    keep                 | 0.943      |
| rollout/                |            |
|    ep_len_mean          | 43.4       |
|    ep_rew_mean          | -0.171     |
| time/                   |            |
|    fps                  | 159        |
|    iterations           | 7          |
|    time_elapsed         | 89         |
|    total_timesteps      | 14336      |
| train/                  |            |
|    approx_kl            | 0.00948867 |
|    bc_kl                | 0.0135     |
|    clip_fraction        | 0.0595     |
|    clip_range           | 0.2        |
|    entropy_loss         | -0.22      |
|    explained_variance   | -0.03      |
|    learning_rate        | 0.0001     |
|    loss                 | -0.00902   |
|    n_updates            | 60         |
|    policy_gradient_loss | -0.0172    |
|    value_loss           | 0.0341     |
----------------------------------------
-----------------------------------------
| oracle/                 |             |
|    keep                 | 0.934       |
| rollout/                |             |
|    ep_len_mean          | 44.8        |
|    ep_rew_mean          | -0.175      |
| time/                   |             |
|    fps                  | 161         |
|    iterations           | 8           |
|    time_elapsed         | 101         |
|    total_timesteps      | 16384       |
| train/                  |             |
|    approx_kl            | 0.008581413 |
|    bc_kl                | 0.0117      |
|    clip_fraction        | 0.0566      |
|    clip_range           | 0.2         |
|    entropy_loss         | -0.198      |
|    explained_variance   | -0.148      |
|    learning_rate        | 0.0001      |
|    loss                 | -0.00899    |
|    n_updates            | 70          |
|    policy_gradient_loss | -0.0158     |
|    value_loss           | 0.0294      |
-----------------------------------------
-----------------------------------------
| oracle/                 |             |
|    keep                 | 0.926       |
| rollout/                |             |
|    ep_len_mean          | 45.9        |
|    ep_rew_mean          | -0.202      |
| time/                   |             |
|    fps                  | 164         |
|    iterations           | 9           |
|    time_elapsed         | 112         |
|    total_timesteps      | 18432       |
| train/                  |             |
|    approx_kl            | 0.008317811 |
|    bc_kl                | 0.0136      |
|    clip_fraction        | 0.0556      |
|    clip_range           | 0.2         |
|    entropy_loss         | -0.189      |
|    explained_variance   | -0.212      |
|    learning_rate        | 0.0001      |
|    loss                 | -0.0141     |
|    n_updates            | 80          |
|    policy_gradient_loss | -0.0169     |
|    value_loss           | 0.0245      |
-----------------------------------------
-----------------------------------------
| oracle/                 |             |
|    keep                 | 0.918       |
| rollout/                |             |
|    ep_len_mean          | 46.7        |
|    ep_rew_mean          | -0.133      |
| time/                   |             |
|    fps                  | 165         |
|    iterations           | 10          |
|    time_elapsed         | 123         |
|    total_timesteps      | 20480       |
| train/                  |             |
|    approx_kl            | 0.009447159 |
|    bc_kl                | 0.013       |
|    clip_fraction        | 0.0613      |
|    clip_range           | 0.2         |
|    entropy_loss         | -0.206      |
|    explained_variance   | 0.0454      |
|    learning_rate        | 0.0001      |
|    loss                 | -0.0131     |
|    n_updates            | 90          |
|    policy_gradient_loss | -0.0172     |
|    value_loss           | 0.0213      |
-----------------------------------------
-----------------------------------------
| oracle/                 |             |
|    keep                 | 0.91        |
| rollout/                |             |
|    ep_len_mean          | 45.9        |
|    ep_rew_mean          | -0.0937     |
| time/                   |             |
|    fps                  | 165         |
|    iterations           | 11          |
|    time_elapsed         | 135         |
|    total_timesteps      | 22528       |
| train/                  |             |
|    approx_kl            | 0.008112047 |
|    bc_kl                | 0.0133      |
|    clip_fraction        | 0.0535      |
|    clip_range           | 0.2         |
|    entropy_loss         | -0.204      |
|    explained_variance   | 0.0167      |
|    learning_rate        | 0.0001      |
|    loss                 | -0.00272    |
|    n_updates            | 100         |
|    policy_gradient_loss | -0.012      |
|    value_loss           | 0.0552      |
-----------------------------------------
-----------------------------------------
| oracle/                 |             |
|    keep                 | 0.902       |
| rollout/                |             |
|    ep_len_mean          | 44.5        |
|    ep_rew_mean          | -0.136      |
| time/                   |             |
|    fps                  | 165         |
|    iterations           | 12          |
|    time_elapsed         | 148         |
|    total_timesteps      | 24576       |
| train/                  |             |
|    approx_kl            | 0.009091115 |
|    bc_kl                | 0.0139      |
|    clip_fraction        | 0.0632      |
|    clip_range           | 0.2         |
|    entropy_loss         | -0.202      |
|    explained_variance   | 0.221       |
|    learning_rate        | 0.0001      |
|    loss                 | -0.00654    |
|    n_updates            | 110         |
|    policy_gradient_loss | -0.0169     |
|    value_loss           | 0.038       |
-----------------------------------------
-----------------------------------------
| oracle/                 |             |
|    keep                 | 0.894       |
| rollout/                |             |
|    ep_len_mean          | 47.1        |
|    ep_rew_mean          | -0.16       |
| time/                   |             |
|    fps                  | 164         |
|    iterations           | 13          |
|    time_elapsed         | 161         |
|    total_timesteps      | 26624       |
| train/                  |             |
|    approx_kl            | 0.009826528 |
|    bc_kl                | 0.0125      |
|    clip_fraction        | 0.0627      |
|    clip_range           | 0.2         |
|    entropy_loss         | -0.206      |
|    explained_variance   | 0.22        |
|    learning_rate        | 0.0001      |
|    loss                 | -0.0132     |
|    n_updates            | 120         |
|    policy_gradient_loss | -0.016      |
|    value_loss           | 0.029       |
-----------------------------------------
------------------------------------------
| oracle/                 |              |
|    keep                 | 0.885        |
| rollout/                |              |
|    ep_len_mean          | 48.4         |
|    ep_rew_mean          | -0.163       |
| time/                   |              |
|    fps                  | 164          |
|    iterations           | 14           |
|    time_elapsed         | 174          |
|    total_timesteps      | 28672        |
| train/                  |              |
|    approx_kl            | 0.0074069165 |
|    bc_kl                | 0.0133       |
|    clip_fraction        | 0.0594       |
|    clip_range           | 0.2          |
|    entropy_loss         | -0.2         |
|    explained_variance   | 0.118        |
|    learning_rate        | 0.0001       |
|    loss                 | -0.00863     |
|    n_updates            | 130          |
|    policy_gradient_loss | -0.0153      |
|    value_loss           | 0.0243       |
------------------------------------------
-----------------------------------------
| oracle/                 |             |
|    keep                 | 0.877       |
| rollout/                |             |
|    ep_len_mean          | 49.1        |
|    ep_rew_mean          | -0.133      |
| time/                   |             |
|    fps                  | 161         |
|    iterations           | 15          |
|    time_elapsed         | 190         |
|    total_timesteps      | 30720       |
| train/                  |             |
|    approx_kl            | 0.008766793 |
|    bc_kl                | 0.013       |
|    clip_fraction        | 0.057       |
|    clip_range           | 0.2         |
|    entropy_loss         | -0.193      |
|    explained_variance   | 0.0238      |
|    learning_rate        | 0.0001      |
|    loss                 | -0.00538    |
|    n_updates            | 140         |
|    policy_gradient_loss | -0.0163     |
|    value_loss           | 0.0203      |
-----------------------------------------
-----------------------------------------
| oracle/                 |             |
|    keep                 | 0.869       |
| rollout/                |             |
|    ep_len_mean          | 50.8        |
|    ep_rew_mean          | -0.185      |
| time/                   |             |
|    fps                  | 157         |
|    iterations           | 16          |
|    time_elapsed         | 208         |
|    total_timesteps      | 32768       |
| train/                  |             |
|    approx_kl            | 0.008587916 |
|    bc_kl                | 0.0141      |
|    clip_fraction        | 0.0609      |
|    clip_range           | 0.2         |
|    entropy_loss         | -0.197      |
|    explained_variance   | -0.011      |
|    learning_rate        | 0.0001      |
|    loss                 | -0.00885    |
|    n_updates            | 150         |
|    policy_gradient_loss | -0.0147     |
|    value_loss           | 0.0254      |
-----------------------------------------
------------------------------------------
| oracle/                 |              |
|    keep                 | 0.861        |
| rollout/                |              |
|    ep_len_mean          | 48.4         |
|    ep_rew_mean          | -0.215       |
| time/                   |              |
|    fps                  | 152          |
|    iterations           | 17           |
|    time_elapsed         | 227          |
|    total_timesteps      | 34816        |
| train/                  |              |
|    approx_kl            | 0.0076269526 |
|    bc_kl                | 0.0125       |
|    clip_fraction        | 0.0501       |
|    clip_range           | 0.2          |
|    entropy_loss         | -0.18        |
|    explained_variance   | -0.138       |
|    learning_rate        | 0.0001       |
|    loss                 | -0.00306     |
|    n_updates            | 160          |
|    policy_gradient_loss | -0.0115      |
|    value_loss           | 0.0227       |
------------------------------------------
-----------------------------------------
| oracle/                 |             |
|    keep                 | 0.853       |
| rollout/                |             |
|    ep_len_mean          | 46          |
|    ep_rew_mean          | -0.235      |
| time/                   |             |
|    fps                  | 144         |
|    iterations           | 18          |
|    time_elapsed         | 255         |
|    total_timesteps      | 36864       |
| train/                  |             |
|    approx_kl            | 0.008031722 |
|    bc_kl                | 0.0122      |
|    clip_fraction        | 0.0553      |
|    clip_range           | 0.2         |
|    entropy_loss         | -0.192      |
|    explained_variance   | 0.0991      |
|    learning_rate        | 0.0001      |
|    loss                 | 0.000265    |
|    n_updates            | 170         |
|    policy_gradient_loss | -0.0143     |
|    value_loss           | 0.0396      |
-----------------------------------------
-----------------------------------------
| oracle/                 |             |
|    keep                 | 0.844       |
| rollout/                |             |
|    ep_len_mean          | 47.2        |
|    ep_rew_mean          | -0.201      |
| time/                   |             |
|    fps                  | 134         |
|    iterations           | 19          |
|    time_elapsed         | 289         |
|    total_timesteps      | 38912       |
| train/                  |             |
|    approx_kl            | 0.009531752 |
|    bc_kl                | 0.0124      |
|    clip_fraction        | 0.0619      |
|    clip_range           | 0.2         |
|    entropy_loss         | -0.207      |
|    explained_variance   | 0.261       |
|    learning_rate        | 0.0001      |
|    loss                 | -0.00844    |
|    n_updates            | 180         |
|    policy_gradient_loss | -0.0147     |
|    value_loss           | 0.0227      |
-----------------------------------------
-----------------------------------------
| oracle/                 |             |
|    keep                 | 0.836       |
| rollout/                |             |
|    ep_len_mean          | 47.5        |
|    ep_rew_mean          | -0.255      |
| time/                   |             |
|    fps                  | 127         |
|    iterations           | 20          |
|    time_elapsed         | 321         |
|    total_timesteps      | 40960       |
| train/                  |             |
|    approx_kl            | 0.008117928 |
|    bc_kl                | 0.0127      |
|    clip_fraction        | 0.0573      |
|    clip_range           | 0.2         |
|    entropy_loss         | -0.197      |
|    explained_variance   | 0.398       |
|    learning_rate        | 0.0001      |
|    loss                 | -0.00879    |
|    n_updates            | 190         |
|    policy_gradient_loss | -0.0144     |
|    value_loss           | 0.0209      |
-----------------------------------------
-----------------------------------------
| oracle/                 |             |
|    keep                 | 0.828       |
| rollout/                |             |
|    ep_len_mean          | 47.4        |
|    ep_rew_mean          | -0.221      |
| time/                   |             |
|    fps                  | 120         |
|    iterations           | 21          |
|    time_elapsed         | 355         |
|    total_timesteps      | 43008       |
| train/                  |             |
|    approx_kl            | 0.009930932 |
|    bc_kl                | 0.0129      |
|    clip_fraction        | 0.0594      |
|    clip_range           | 0.2         |
|    entropy_loss         | -0.192      |
|    explained_variance   | 0.332       |
|    learning_rate        | 0.0001      |
|    loss                 | -0.0099     |
|    n_updates            | 200         |
|    policy_gradient_loss | -0.0167     |
|    value_loss           | 0.0198      |
-----------------------------------------
-----------------------------------------
| oracle/                 |             |
|    keep                 | 0.82        |
| rollout/                |             |
|    ep_len_mean          | 45.4        |
|    ep_rew_mean          | -0.107      |
| time/                   |             |
|    fps                  | 117         |
|    iterations           | 22          |
|    time_elapsed         | 382         |
|    total_timesteps      | 45056       |
| train/                  |             |
|    approx_kl            | 0.009007854 |
|    bc_kl                | 0.0134      |
|    clip_fraction        | 0.0602      |
|    clip_range           | 0.2         |
|    entropy_loss         | -0.196      |
|    explained_variance   | 0.471       |
|    learning_rate        | 0.0001      |
|    loss                 | -0.00864    |
|    n_updates            | 210         |
|    policy_gradient_loss | -0.0158     |
|    value_loss           | 0.0178      |
-----------------------------------------
-----------------------------------------
| oracle/                 |             |
|    keep                 | 0.812       |
| rollout/                |             |
|    ep_len_mean          | 46.2        |
|    ep_rew_mean          | -0.0502     |
| time/                   |             |
|    fps                  | 116         |
|    iterations           | 23          |
|    time_elapsed         | 405         |
|    total_timesteps      | 47104       |
| train/                  |             |
|    approx_kl            | 0.008315543 |
|    bc_kl                | 0.0138      |
|    clip_fraction        | 0.0514      |
|    clip_range           | 0.2         |
|    entropy_loss         | -0.197      |
|    explained_variance   | 0.414       |
|    learning_rate        | 0.0001      |
|    loss                 | 0.00919     |
|    n_updates            | 220         |
|    policy_gradient_loss | -0.011      |
|    value_loss           | 0.067       |
-----------------------------------------
-----------------------------------------
| oracle/                 |             |
|    keep                 | 0.803       |
| rollout/                |             |
|    ep_len_mean          | 46.6        |
|    ep_rew_mean          | -0.0322     |
| time/                   |             |
|    fps                  | 116         |
|    iterations           | 24          |
|    time_elapsed         | 423         |
|    total_timesteps      | 49152       |
| train/                  |             |
|    approx_kl            | 0.007980345 |
|    bc_kl                | 0.0132      |
|    clip_fraction        | 0.0513      |
|    clip_range           | 0.2         |
|    entropy_loss         | -0.196      |
|    explained_variance   | 0.362       |
|    learning_rate        | 0.0001      |
|    loss                 | -0.00184    |
|    n_updates            | 230         |
|    policy_gradient_loss | -0.0126     |
|    value_loss           | 0.0374      |
-----------------------------------------
-----------------------------------------
| oracle/                 |             |
|    keep                 | 0.795       |
| rollout/                |             |
|    ep_len_mean          | 48          |
|    ep_rew_mean          | -0.0759     |
| time/                   |             |
|    fps                  | 116         |
|    iterations           | 25          |
|    time_elapsed         | 441         |
|    total_timesteps      | 51200       |
| train/                  |             |
|    approx_kl            | 0.007208951 |
|    bc_kl                | 0.0139      |
|    clip_fraction        | 0.0538      |
|    clip_range           | 0.2         |
|    entropy_loss         | -0.21       |
|    explained_variance   | 0.39        |
|    learning_rate        | 0.0001      |
|    loss                 | -0.000483   |
|    n_updates            | 240         |
|    policy_gradient_loss | -0.0136     |
|    value_loss           | 0.0416      |
-----------------------------------------
-----------------------------------------
| oracle/                 |             |
|    keep                 | 0.787       |
| rollout/                |             |
|    ep_len_mean          | 47.2        |
|    ep_rew_mean          | -0.129      |
| time/                   |             |
|    fps                  | 116         |
|    iterations           | 26          |
|    time_elapsed         | 458         |
|    total_timesteps      | 53248       |
| train/                  |             |
|    approx_kl            | 0.008453004 |
|    bc_kl                | 0.0136      |
|    clip_fraction        | 0.0565      |
|    clip_range           | 0.2         |
|    entropy_loss         | -0.194      |
|    explained_variance   | -0.196      |
|    learning_rate        | 0.0001      |
|    loss                 | 0.0026      |
|    n_updates            | 250         |
|    policy_gradient_loss | -0.0122     |
|    value_loss           | 0.0497      |
-----------------------------------------
------------------------------------------
| oracle/                 |              |
|    keep                 | 0.779        |
| rollout/                |              |
|    ep_len_mean          | 47.9         |
|    ep_rew_mean          | -0.159       |
| time/                   |              |
|    fps                  | 115          |
|    iterations           | 27           |
|    time_elapsed         | 477          |
|    total_timesteps      | 55296        |
| train/                  |              |
|    approx_kl            | 0.0066242036 |
|    bc_kl                | 0.0147       |
|    clip_fraction        | 0.054        |
|    clip_range           | 0.2          |
|    entropy_loss         | -0.197       |
|    explained_variance   | 0.471        |
|    learning_rate        | 0.0001       |
|    loss                 | -0.00244     |
|    n_updates            | 260          |
|    policy_gradient_loss | -0.0141      |
|    value_loss           | 0.0294       |
------------------------------------------
-----------------------------------------
| oracle/                 |             |
|    keep                 | 0.771       |
| rollout/                |             |
|    ep_len_mean          | 47.8        |
|    ep_rew_mean          | -0.13       |
| time/                   |             |
|    fps                  | 115         |
|    iterations           | 28          |
|    time_elapsed         | 495         |
|    total_timesteps      | 57344       |
| train/                  |             |
|    approx_kl            | 0.007705245 |
|    bc_kl                | 0.0152      |
|    clip_fraction        | 0.0571      |
|    clip_range           | 0.2         |
|    entropy_loss         | -0.201      |
|    explained_variance   | -0.191      |
|    learning_rate        | 0.0001      |
|    loss                 | -0.00844    |
|    n_updates            | 270         |
|    policy_gradient_loss | -0.0141     |
|    value_loss           | 0.0332      |
-----------------------------------------
-----------------------------------------
| oracle/                 |             |
|    keep                 | 0.762       |
| rollout/                |             |
|    ep_len_mean          | 46.1        |
|    ep_rew_mean          | -0.134      |
| time/                   |             |
|    fps                  | 116         |
|    iterations           | 29          |
|    time_elapsed         | 510         |
|    total_timesteps      | 59392       |
| train/                  |             |
|    approx_kl            | 0.009209884 |
|    bc_kl                | 0.0137      |
|    clip_fraction        | 0.0606      |
|    clip_range           | 0.2         |
|    entropy_loss         | -0.202      |
|    explained_variance   | 0.246       |
|    learning_rate        | 0.0001      |
|    loss                 | -0.00335    |
|    n_updates            | 280         |
|    policy_gradient_loss | -0.0133     |
|    value_loss           | 0.0362      |
-----------------------------------------
-----------------------------------------
| oracle/                 |             |
|    keep                 | 0.754       |
| rollout/                |             |
|    ep_len_mean          | 47.7        |
|    ep_rew_mean          | -0.178      |
| time/                   |             |
|    fps                  | 117         |
|    iterations           | 30          |
|    time_elapsed         | 524         |
|    total_timesteps      | 61440       |
| train/                  |             |
|    approx_kl            | 0.010107153 |
|    bc_kl                | 0.0127      |
|    clip_fraction        | 0.0509      |
|    clip_range           | 0.2         |
|    entropy_loss         | -0.198      |
|    explained_variance   | -0.0135     |
|    learning_rate        | 0.0001      |
|    loss                 | -0.0045     |
|    n_updates            | 290         |
|    policy_gradient_loss | -0.0118     |
|    value_loss           | 0.0264      |
-----------------------------------------
-----------------------------------------
| oracle/                 |             |
|    keep                 | 0.746       |
| rollout/                |             |
|    ep_len_mean          | 48.4        |
|    ep_rew_mean          | -0.208      |
| time/                   |             |
|    fps                  | 117         |
|    iterations           | 31          |
|    time_elapsed         | 538         |
|    total_timesteps      | 63488       |
| train/                  |             |
|    approx_kl            | 0.011256838 |
|    bc_kl                | 0.0137      |
|    clip_fraction        | 0.0584      |
|    clip_range           | 0.2         |
|    entropy_loss         | -0.215      |
|    explained_variance   | 0.0288      |
|    learning_rate        | 0.0001      |
|    loss                 | -0.00637    |
|    n_updates            | 300         |
|    policy_gradient_loss | -0.0156     |
|    value_loss           | 0.021       |
-----------------------------------------
-----------------------------------------
| oracle/                 |             |
|    keep                 | 0.738       |
| rollout/                |             |
|    ep_len_mean          | 46.4        |
|    ep_rew_mean          | -0.217      |
| time/                   |             |
|    fps                  | 118         |
|    iterations           | 32          |
|    time_elapsed         | 551         |
|    total_timesteps      | 65536       |
| train/                  |             |
|    approx_kl            | 0.009882625 |
|    bc_kl                | 0.0128      |
|    clip_fraction        | 0.0555      |
|    clip_range           | 0.2         |
|    entropy_loss         | -0.198      |
|    explained_variance   | -0.0137     |
|    learning_rate        | 0.0001      |
|    loss                 | -0.00539    |
|    n_updates            | 310         |
|    policy_gradient_loss | -0.0132     |
|    value_loss           | 0.0138      |
-----------------------------------------
-----------------------------------------
| oracle/                 |             |
|    keep                 | 0.73        |
| rollout/                |             |
|    ep_len_mean          | 45.4        |
|    ep_rew_mean          | -0.13       |
| time/                   |             |
|    fps                  | 119         |
|    iterations           | 33          |
|    time_elapsed         | 563         |
|    total_timesteps      | 67584       |
| train/                  |             |
|    approx_kl            | 0.008613951 |
|    bc_kl                | 0.0149      |
|    clip_fraction        | 0.0564      |
|    clip_range           | 0.2         |
|    entropy_loss         | -0.188      |
|    explained_variance   | 0.0363      |
|    learning_rate        | 0.0001      |
|    loss                 | -0.00613    |
|    n_updates            | 320         |
|    policy_gradient_loss | -0.0156     |
|    value_loss           | 0.0234      |
-----------------------------------------
-----------------------------------------
| oracle/                 |             |
|    keep                 | 0.721       |
| rollout/                |             |
|    ep_len_mean          | 48.8        |
|    ep_rew_mean          | -0.0894     |
| time/                   |             |
|    fps                  | 121         |
|    iterations           | 34          |
|    time_elapsed         | 574         |
|    total_timesteps      | 69632       |
| train/                  |             |
|    approx_kl            | 0.010114067 |
|    bc_kl                | 0.0109      |
|    clip_fraction        | 0.0589      |
|    clip_range           | 0.2         |
|    entropy_loss         | -0.194      |
|    explained_variance   | 0.169       |
|    learning_rate        | 0.0001      |
|    loss                 | 0.00183     |
|    n_updates            | 330         |
|    policy_gradient_loss | -0.0108     |
|    value_loss           | 0.0344      |
-----------------------------------------
------------------------------------------
| oracle/                 |              |
|    keep                 | 0.713        |
| rollout/                |              |
|    ep_len_mean          | 48.2         |
|    ep_rew_mean          | -0.0774      |
| time/                   |              |
|    fps                  | 117          |
|    iterations           | 35           |
|    time_elapsed         | 608          |
|    total_timesteps      | 71680        |
| train/                  |              |
|    approx_kl            | 0.0085279895 |
|    bc_kl                | 0.013        |
|    clip_fraction        | 0.06         |
|    clip_range           | 0.2          |
|    entropy_loss         | -0.2         |
|    explained_variance   | 0.282        |
|    learning_rate        | 0.0001       |
|    loss                 | -0.00416     |
|    n_updates            | 340          |
|    policy_gradient_loss | -0.0143      |
|    value_loss           | 0.0295       |
------------------------------------------
-----------------------------------------
| oracle/                 |             |
|    keep                 | 0.705       |
| rollout/                |             |
|    ep_len_mean          | 48.3        |
|    ep_rew_mean          | -0.107      |
| time/                   |             |
|    fps                  | 117         |
|    iterations           | 36          |
|    time_elapsed         | 625         |
|    total_timesteps      | 73728       |
| train/                  |             |
|    approx_kl            | 0.006767712 |
|    bc_kl                | 0.0106      |
|    clip_fraction        | 0.0485      |
|    clip_range           | 0.2         |
|    entropy_loss         | -0.168      |
|    explained_variance   | 0.3         |
|    learning_rate        | 0.0001      |
|    loss                 | -0.000926   |
|    n_updates            | 350         |
|    policy_gradient_loss | -0.0111     |
|    value_loss           | 0.035       |
-----------------------------------------
------------------------------------------
| oracle/                 |              |
|    keep                 | 0.697        |
| rollout/                |              |
|    ep_len_mean          | 46.6         |
|    ep_rew_mean          | -0.128       |
| time/                   |              |
|    fps                  | 118          |
|    iterations           | 37           |
|    time_elapsed         | 637          |
|    total_timesteps      | 75776        |
| train/                  |              |
|    approx_kl            | 0.0077204653 |
|    bc_kl                | 0.0132       |
|    clip_fraction        | 0.0516       |
|    clip_range           | 0.2          |
|    entropy_loss         | -0.187       |
|    explained_variance   | 0.154        |
|    learning_rate        | 0.0001       |
|    loss                 | -0.00374     |
|    n_updates            | 360          |
|    policy_gradient_loss | -0.0144      |
|    value_loss           | 0.0331       |
------------------------------------------
-----------------------------------------
| oracle/                 |             |
|    keep                 | 0.689       |
| rollout/                |             |
|    ep_len_mean          | 45.7        |
|    ep_rew_mean          | -0.107      |
| time/                   |             |
|    fps                  | 119         |
|    iterations           | 38          |
|    time_elapsed         | 650         |
|    total_timesteps      | 77824       |
| train/                  |             |
|    approx_kl            | 0.007785053 |
|    bc_kl                | 0.0132      |
|    clip_fraction        | 0.0564      |
|    clip_range           | 0.2         |
|    entropy_loss         | -0.195      |
|    explained_variance   | 0.491       |
|    learning_rate        | 0.0001      |
|    loss                 | -0.00435    |
|    n_updates            | 370         |
|    policy_gradient_loss | -0.0143     |
|    value_loss           | 0.0279      |
-----------------------------------------
-----------------------------------------
| oracle/                 |             |
|    keep                 | 0.681       |
| rollout/                |             |
|    ep_len_mean          | 46.7        |
|    ep_rew_mean          | -0.104      |
| time/                   |             |
|    fps                  | 120         |
|    iterations           | 39          |
|    time_elapsed         | 661         |
|    total_timesteps      | 79872       |
| train/                  |             |
|    approx_kl            | 0.007607475 |
|    bc_kl                | 0.0131      |
|    clip_fraction        | 0.0555      |
|    clip_range           | 0.2         |
|    entropy_loss         | -0.194      |
|    explained_variance   | 0.406       |
|    learning_rate        | 0.0001      |
|    loss                 | -0.00277    |
|    n_updates            | 380         |
|    policy_gradient_loss | -0.0142     |
|    value_loss           | 0.0335      |
-----------------------------------------
-----------------------------------------
| oracle/                 |             |
|    keep                 | 0.672       |
| rollout/                |             |
|    ep_len_mean          | 46.5        |
|    ep_rew_mean          | -0.131      |
| time/                   |             |
|    fps                  | 121         |
|    iterations           | 40          |
|    time_elapsed         | 675         |
|    total_timesteps      | 81920       |
| train/                  |             |
|    approx_kl            | 0.009023902 |
|    bc_kl                | 0.0144      |
|    clip_fraction        | 0.0539      |
|    clip_range           | 0.2         |
|    entropy_loss         | -0.196      |
|    explained_variance   | 0.463       |
|    learning_rate        | 0.0001      |
|    loss                 | -0.00687    |
|    n_updates            | 390         |
|    policy_gradient_loss | -0.0146     |
|    value_loss           | 0.0304      |
-----------------------------------------
-----------------------------------------
| oracle/                 |             |
|    keep                 | 0.664       |
| rollout/                |             |
|    ep_len_mean          | 45.6        |
|    ep_rew_mean          | -0.197      |
| time/                   |             |
|    fps                  | 121         |
|    iterations           | 41          |
|    time_elapsed         | 691         |
|    total_timesteps      | 83968       |
| train/                  |             |
|    approx_kl            | 0.010088441 |
|    bc_kl                | 0.0155      |
|    clip_fraction        | 0.0532      |
|    clip_range           | 0.2         |
|    entropy_loss         | -0.191      |
|    explained_variance   | 0.26        |
|    learning_rate        | 0.0001      |
|    loss                 | -0.0094     |
|    n_updates            | 400         |
|    policy_gradient_loss | -0.0129     |
|    value_loss           | 0.0366      |
-----------------------------------------
------------------------------------------
| oracle/                 |              |
|    keep                 | 0.656        |
| rollout/                |              |
|    ep_len_mean          | 45.4         |
|    ep_rew_mean          | -0.198       |
| time/                   |              |
|    fps                  | 122          |
|    iterations           | 42           |
|    time_elapsed         | 704          |
|    total_timesteps      | 86016        |
| train/                  |              |
|    approx_kl            | 0.0077229245 |
|    bc_kl                | 0.0161       |
|    clip_fraction        | 0.0553       |
|    clip_range           | 0.2          |
|    entropy_loss         | -0.202       |
|    explained_variance   | 0.498        |
|    learning_rate        | 0.0001       |
|    loss                 | -0.0113      |
|    n_updates            | 410          |
|    policy_gradient_loss | -0.0158      |
|    value_loss           | 0.0281       |
------------------------------------------
------------------------------------------
| oracle/                 |              |
|    keep                 | 0.648        |
| rollout/                |              |
|    ep_len_mean          | 48.8         |
|    ep_rew_mean          | -0.221       |
| time/                   |              |
|    fps                  | 123          |
|    iterations           | 43           |
|    time_elapsed         | 715          |
|    total_timesteps      | 88064        |
| train/                  |              |
|    approx_kl            | 0.0108951535 |
|    bc_kl                | 0.0138       |
|    clip_fraction        | 0.0575       |
|    clip_range           | 0.2          |
|    entropy_loss         | -0.205       |
|    explained_variance   | 0.444        |
|    learning_rate        | 0.0001       |
|    loss                 | -0.0121      |
|    n_updates            | 420          |
|    policy_gradient_loss | -0.014       |
|    value_loss           | 0.0294       |
------------------------------------------
-----------------------------------------
| oracle/                 |             |
|    keep                 | 0.64        |
| rollout/                |             |
|    ep_len_mean          | 47.5        |
|    ep_rew_mean          | -0.225      |
| time/                   |             |
|    fps                  | 123         |
|    iterations           | 44          |
|    time_elapsed         | 728         |
|    total_timesteps      | 90112       |
| train/                  |             |
|    approx_kl            | 0.009847259 |
|    bc_kl                | 0.0145      |
|    clip_fraction        | 0.0538      |
|    clip_range           | 0.2         |
|    entropy_loss         | -0.177      |
|    explained_variance   | 0.309       |
|    learning_rate        | 0.0001      |
|    loss                 | -0.0151     |
|    n_updates            | 430         |
|    policy_gradient_loss | -0.0161     |
|    value_loss           | 0.0135      |
-----------------------------------------
-----------------------------------------
| oracle/                 |             |
|    keep                 | 0.631       |
| rollout/                |             |
|    ep_len_mean          | 44.7        |
|    ep_rew_mean          | -0.161      |
| time/                   |             |
|    fps                  | 124         |
|    iterations           | 45          |
|    time_elapsed         | 741         |
|    total_timesteps      | 92160       |
| train/                  |             |
|    approx_kl            | 0.008936818 |
|    bc_kl                | 0.0134      |
|    clip_fraction        | 0.0515      |
|    clip_range           | 0.2         |
|    entropy_loss         | -0.174      |
|    explained_variance   | 0.131       |
|    learning_rate        | 0.0001      |
|    loss                 | -0.00288    |
|    n_updates            | 440         |
|    policy_gradient_loss | -0.0125     |
|    value_loss           | 0.0209      |
-----------------------------------------
------------------------------------------
| oracle/                 |              |
|    keep                 | 0.623        |
| rollout/                |              |
|    ep_len_mean          | 45.6         |
|    ep_rew_mean          | -0.176       |
| time/                   |              |
|    fps                  | 124          |
|    iterations           | 46           |
|    time_elapsed         | 754          |
|    total_timesteps      | 94208        |
| train/                  |              |
|    approx_kl            | 0.0075261286 |
|    bc_kl                | 0.013        |
|    clip_fraction        | 0.0507       |
|    clip_range           | 0.2          |
|    entropy_loss         | -0.191       |
|    explained_variance   | 0.137        |
|    learning_rate        | 0.0001       |
|    loss                 | -0.000403    |
|    n_updates            | 450          |
|    policy_gradient_loss | -0.0108      |
|    value_loss           | 0.0303       |
------------------------------------------
-----------------------------------------
| oracle/                 |             |
|    keep                 | 0.615       |
| rollout/                |             |
|    ep_len_mean          | 47          |
|    ep_rew_mean          | -0.199      |
| time/                   |             |
|    fps                  | 125         |
|    iterations           | 47          |
|    time_elapsed         | 767         |
|    total_timesteps      | 96256       |
| train/                  |             |
|    approx_kl            | 0.008406765 |
|    bc_kl                | 0.0145      |
|    clip_fraction        | 0.0544      |
|    clip_range           | 0.2         |
|    entropy_loss         | -0.197      |
|    explained_variance   | 0.254       |
|    learning_rate        | 0.0001      |
|    loss                 | -0.00266    |
|    n_updates            | 460         |
|    policy_gradient_loss | -0.014      |
|    value_loss           | 0.0271      |
-----------------------------------------
-----------------------------------------
| oracle/                 |             |
|    keep                 | 0.607       |
| rollout/                |             |
|    ep_len_mean          | 46.5        |
|    ep_rew_mean          | -0.21       |
| time/                   |             |
|    fps                  | 125         |
|    iterations           | 48          |
|    time_elapsed         | 783         |
|    total_timesteps      | 98304       |
| train/                  |             |
|    approx_kl            | 0.008051682 |
|    bc_kl                | 0.0146      |
|    clip_fraction        | 0.0553      |
|    clip_range           | 0.2         |
|    entropy_loss         | -0.192      |
|    explained_variance   | 0.468       |
|    learning_rate        | 0.0001      |
|    loss                 | -0.00487    |
|    n_updates            | 470         |
|    policy_gradient_loss | -0.0125     |
|    value_loss           | 0.0273      |
-----------------------------------------
----------------------------------------
| oracle/                 |            |
|    keep                 | 0.599      |
| rollout/                |            |
|    ep_len_mean          | 47.3       |
|    ep_rew_mean          | -0.2       |
| time/                   |            |
|    fps                  | 124        |
|    iterations           | 49         |
|    time_elapsed         | 804        |
|    total_timesteps      | 100352     |
| train/                  |            |
|    approx_kl            | 0.00744976 |
|    bc_kl                | 0.0147     |
|    clip_fraction        | 0.0529     |
|    clip_range           | 0.2        |
|    entropy_loss         | -0.195     |
|    explained_variance   | -0.0333    |
|    learning_rate        | 0.0001     |
|    loss                 | 0.00916    |
|    n_updates            | 480        |
|    policy_gradient_loss | -0.0106    |
|    value_loss           | 0.0453     |
----------------------------------------
-----------------------------------------
| oracle/                 |             |
|    keep                 | 0.59        |
| rollout/                |             |
|    ep_len_mean          | 47.6        |
|    ep_rew_mean          | -0.145      |
| time/                   |             |
|    fps                  | 123         |
|    iterations           | 50          |
|    time_elapsed         | 827         |
|    total_timesteps      | 102400      |
| train/                  |             |
|    approx_kl            | 0.008703229 |
|    bc_kl                | 0.0137      |
|    clip_fraction        | 0.0553      |
|    clip_range           | 0.2         |
|    entropy_loss         | -0.193      |
|    explained_variance   | 0.154       |
|    learning_rate        | 0.0001      |
|    loss                 | -0.00212    |
|    n_updates            | 490         |
|    policy_gradient_loss | -0.0127     |
|    value_loss           | 0.0204      |
-----------------------------------------
-----------------------------------------
| oracle/                 |             |
|    keep                 | 0.582       |
| rollout/                |             |
|    ep_len_mean          | 47.7        |
|    ep_rew_mean          | -0.171      |
| time/                   |             |
|    fps                  | 123         |
|    iterations           | 51          |
|    time_elapsed         | 846         |
|    total_timesteps      | 104448      |
| train/                  |             |
|    approx_kl            | 0.007811788 |
|    bc_kl                | 0.0133      |
|    clip_fraction        | 0.0546      |
|    clip_range           | 0.2         |
|    entropy_loss         | -0.201      |
|    explained_variance   | 0.241       |
|    learning_rate        | 0.0001      |
|    loss                 | 0.000249    |
|    n_updates            | 500         |
|    policy_gradient_loss | -0.0115     |
|    value_loss           | 0.033       |
-----------------------------------------
----------------------------------------
| oracle/                 |            |
|    keep                 | 0.574      |
| rollout/                |            |
|    ep_len_mean          | 48         |
|    ep_rew_mean          | -0.156     |
| time/                   |            |
|    fps                  | 122        |
|    iterations           | 52         |
|    time_elapsed         | 865        |
|    total_timesteps      | 106496     |
| train/                  |            |
|    approx_kl            | 0.00805317 |
|    bc_kl                | 0.0143     |
|    clip_fraction        | 0.0519     |
|    clip_range           | 0.2        |
|    entropy_loss         | -0.196     |
|    explained_variance   | 0.121      |
|    learning_rate        | 0.0001     |
|    loss                 | -0.00283   |
|    n_updates            | 510        |
|    policy_gradient_loss | -0.0125    |
|    value_loss           | 0.0409     |
----------------------------------------
-----------------------------------------
| oracle/                 |             |
|    keep                 | 0.566       |
| rollout/                |             |
|    ep_len_mean          | 48.2        |
|    ep_rew_mean          | -0.139      |
| time/                   |             |
|    fps                  | 122         |
|    iterations           | 53          |
|    time_elapsed         | 886         |
|    total_timesteps      | 108544      |
| train/                  |             |
|    approx_kl            | 0.008236935 |
|    bc_kl                | 0.0179      |
|    clip_fraction        | 0.055       |
|    clip_range           | 0.2         |
|    entropy_loss         | -0.197      |
|    explained_variance   | 0.102       |
|    learning_rate        | 0.0001      |
|    loss                 | -0.00696    |
|    n_updates            | 520         |
|    policy_gradient_loss | -0.0139     |
|    value_loss           | 0.0318      |
-----------------------------------------
-----------------------------------------
| oracle/                 |             |
|    keep                 | 0.558       |
| rollout/                |             |
|    ep_len_mean          | 48.5        |
|    ep_rew_mean          | -0.149      |
| time/                   |             |
|    fps                  | 122         |
|    iterations           | 54          |
|    time_elapsed         | 905         |
|    total_timesteps      | 110592      |
| train/                  |             |
|    approx_kl            | 0.008589538 |
|    bc_kl                | 0.0176      |
|    clip_fraction        | 0.058       |
|    clip_range           | 0.2         |
|    entropy_loss         | -0.185      |
|    explained_variance   | 0.321       |
|    learning_rate        | 0.0001      |
|    loss                 | -0.00444    |
|    n_updates            | 530         |
|    policy_gradient_loss | -0.015      |
|    value_loss           | 0.025       |
-----------------------------------------
------------------------------------------
| oracle/                 |              |
|    keep                 | 0.549        |
| rollout/                |              |
|    ep_len_mean          | 49.6         |
|    ep_rew_mean          | -0.124       |
| time/                   |              |
|    fps                  | 121          |
|    iterations           | 55           |
|    time_elapsed         | 926          |
|    total_timesteps      | 112640       |
| train/                  |              |
|    approx_kl            | 0.0086906245 |
|    bc_kl                | 0.0139       |
|    clip_fraction        | 0.0547       |
|    clip_range           | 0.2          |
|    entropy_loss         | -0.191       |
|    explained_variance   | -0.149       |
|    learning_rate        | 0.0001       |
|    loss                 | -0.00575     |
|    n_updates            | 540          |
|    policy_gradient_loss | -0.0127      |
|    value_loss           | 0.02         |
------------------------------------------
-----------------------------------------
| oracle/                 |             |
|    keep                 | 0.541       |
| rollout/                |             |
|    ep_len_mean          | 49.6        |
|    ep_rew_mean          | -0.143      |
| time/                   |             |
|    fps                  | 120         |
|    iterations           | 56          |
|    time_elapsed         | 949         |
|    total_timesteps      | 114688      |
| train/                  |             |
|    approx_kl            | 0.010213276 |
|    bc_kl                | 0.0156      |
|    clip_fraction        | 0.0613      |
|    clip_range           | 0.2         |
|    entropy_loss         | -0.201      |
|    explained_variance   | 0.0226      |
|    learning_rate        | 0.0001      |
|    loss                 | -0.00621    |
|    n_updates            | 550         |
|    policy_gradient_loss | -0.0143     |
|    value_loss           | 0.0244      |
-----------------------------------------
-----------------------------------------
| oracle/                 |             |
|    keep                 | 0.533       |
| rollout/                |             |
|    ep_len_mean          | 47.1        |
|    ep_rew_mean          | -0.167      |
| time/                   |             |
|    fps                  | 120         |
|    iterations           | 57          |
|    time_elapsed         | 967         |
|    total_timesteps      | 116736      |
| train/                  |             |
|    approx_kl            | 0.009146815 |
|    bc_kl                | 0.0151      |
|    clip_fraction        | 0.0557      |
|    clip_range           | 0.2         |
|    entropy_loss         | -0.188      |
|    explained_variance   | 0.00895     |
|    learning_rate        | 0.0001      |
|    loss                 | -0.00484    |
|    n_updates            | 560         |
|    policy_gradient_loss | -0.0121     |
|    value_loss           | 0.0239      |
-----------------------------------------
-----------------------------------------
| oracle/                 |             |
|    keep                 | 0.525       |
| rollout/                |             |
|    ep_len_mean          | 44.8        |
|    ep_rew_mean          | -0.173      |
| time/                   |             |
|    fps                  | 120         |
|    iterations           | 58          |
|    time_elapsed         | 988         |
|    total_timesteps      | 118784      |
| train/                  |             |
|    approx_kl            | 0.009193258 |
|    bc_kl                | 0.0131      |
|    clip_fraction        | 0.0598      |
|    clip_range           | 0.2         |
|    entropy_loss         | -0.198      |
|    explained_variance   | 0.299       |
|    learning_rate        | 0.0001      |
|    loss                 | -0.00786    |
|    n_updates            | 570         |
|    policy_gradient_loss | -0.0126     |
|    value_loss           | 0.0284      |
-----------------------------------------
-----------------------------------------
| oracle/                 |             |
|    keep                 | 0.517       |
| rollout/                |             |
|    ep_len_mean          | 46          |
|    ep_rew_mean          | -0.23       |
| time/                   |             |
|    fps                  | 119         |
|    iterations           | 59          |
|    time_elapsed         | 1009        |
|    total_timesteps      | 120832      |
| train/                  |             |
|    approx_kl            | 0.010840308 |
|    bc_kl                | 0.0124      |
|    clip_fraction        | 0.0604      |
|    clip_range           | 0.2         |
|    entropy_loss         | -0.199      |
|    explained_variance   | 0.0169      |
|    learning_rate        | 0.0001      |
|    loss                 | -0.00421    |
|    n_updates            | 580         |
|    policy_gradient_loss | -0.0139     |
|    value_loss           | 0.0254      |
-----------------------------------------
-----------------------------------------
| oracle/                 |             |
|    keep                 | 0.508       |
| rollout/                |             |
|    ep_len_mean          | 46.2        |
|    ep_rew_mean          | -0.238      |
| time/                   |             |
|    fps                  | 117         |
|    iterations           | 60          |
|    time_elapsed         | 1048        |
|    total_timesteps      | 122880      |
| train/                  |             |
|    approx_kl            | 0.011576263 |
|    bc_kl                | 0.0149      |
|    clip_fraction        | 0.0591      |
|    clip_range           | 0.2         |
|    entropy_loss         | -0.194      |
|    explained_variance   | 0.223       |
|    learning_rate        | 0.0001      |
|    loss                 | -0.0116     |
|    n_updates            | 590         |
|    policy_gradient_loss | -0.0161     |
|    value_loss           | 0.0181      |
-----------------------------------------
----------------------------------------
| oracle/                 |            |
|    keep                 | 0.5        |
| rollout/                |            |
|    ep_len_mean          | 47.1       |
|    ep_rew_mean          | -0.18      |
| time/                   |            |
|    fps                  | 113        |
|    iterations           | 61         |
|    time_elapsed         | 1099       |
|    total_timesteps      | 124928     |
| train/                  |            |
|    approx_kl            | 0.00802491 |
|    bc_kl                | 0.0134     |
|    clip_fraction        | 0.0567     |
|    clip_range           | 0.2        |
|    entropy_loss         | -0.189     |
|    explained_variance   | 0.0757     |
|    learning_rate        | 0.0001     |
|    loss                 | -0.00952   |
|    n_updates            | 600        |
|    policy_gradient_loss | -0.0131    |
|    value_loss           | 0.0245     |
----------------------------------------
-----------------------------------------
| oracle/                 |             |
|    keep                 | 0.492       |
| rollout/                |             |
|    ep_len_mean          | 48          |
|    ep_rew_mean          | -0.161      |
| time/                   |             |
|    fps                  | 112         |
|    iterations           | 62          |
|    time_elapsed         | 1130        |
|    total_timesteps      | 126976      |
| train/                  |             |
|    approx_kl            | 0.007946762 |
|    bc_kl                | 0.0143      |
|    clip_fraction        | 0.0546      |
|    clip_range           | 0.2         |
|    entropy_loss         | -0.187      |
|    explained_variance   | 0.304       |
|    learning_rate        | 0.0001      |
|    loss                 | -0.00171    |
|    n_updates            | 610         |
|    policy_gradient_loss | -0.013      |
|    value_loss           | 0.0258      |
-----------------------------------------
------------------------------------------
| oracle/                 |              |
|    keep                 | 0.484        |
| rollout/                |              |
|    ep_len_mean          | 48.7         |
|    ep_rew_mean          | -0.134       |
| time/                   |              |
|    fps                  | 112          |
|    iterations           | 63           |
|    time_elapsed         | 1151         |
|    total_timesteps      | 129024       |
| train/                  |              |
|    approx_kl            | 0.0087604895 |
|    bc_kl                | 0.0143       |
|    clip_fraction        | 0.0605       |
|    clip_range           | 0.2          |
|    entropy_loss         | -0.193       |
|    explained_variance   | -0.0673      |
|    learning_rate        | 0.0001       |
|    loss                 | -0.007       |
|    n_updates            | 620          |
|    policy_gradient_loss | -0.0115      |
|    value_loss           | 0.0273       |
------------------------------------------
-----------------------------------------
| oracle/                 |             |
|    keep                 | 0.476       |
| rollout/                |             |
|    ep_len_mean          | 48.6        |
|    ep_rew_mean          | -0.167      |
| time/                   |             |
|    fps                  | 112         |
|    iterations           | 64          |
|    time_elapsed         | 1170        |
|    total_timesteps      | 131072      |
| train/                  |             |
|    approx_kl            | 0.007831185 |
|    bc_kl                | 0.0146      |
|    clip_fraction        | 0.056       |
|    clip_range           | 0.2         |
|    entropy_loss         | -0.205      |
|    explained_variance   | 0.298       |
|    learning_rate        | 0.0001      |
|    loss                 | 0.000424    |
|    n_updates            | 630         |
|    policy_gradient_loss | -0.0112     |
|    value_loss           | 0.0243      |
-----------------------------------------
-----------------------------------------
| oracle/                 |             |
|    keep                 | 0.468       |
| rollout/                |             |
|    ep_len_mean          | 49          |
|    ep_rew_mean          | -0.132      |
| time/                   |             |
|    fps                  | 112         |
|    iterations           | 65          |
|    time_elapsed         | 1187        |
|    total_timesteps      | 133120      |
| train/                  |             |
|    approx_kl            | 0.007654692 |
|    bc_kl                | 0.0132      |
|    clip_fraction        | 0.0546      |
|    clip_range           | 0.2         |
|    entropy_loss         | -0.19       |
|    explained_variance   | 0.363       |
|    learning_rate        | 0.0001      |
|    loss                 | -0.0125     |
|    n_updates            | 640         |
|    policy_gradient_loss | -0.013      |
|    value_loss           | 0.0181      |
-----------------------------------------
------------------------------------------
| oracle/                 |              |
|    keep                 | 0.459        |
| rollout/                |              |
|    ep_len_mean          | 48.3         |
|    ep_rew_mean          | -0.115       |
| time/                   |              |
|    fps                  | 111          |
|    iterations           | 66           |
|    time_elapsed         | 1214         |
|    total_timesteps      | 135168       |
| train/                  |              |
|    approx_kl            | 0.0070761642 |
|    bc_kl                | 0.0115       |
|    clip_fraction        | 0.0489       |
|    clip_range           | 0.2          |
|    entropy_loss         | -0.196       |
|    explained_variance   | 0.436        |
|    learning_rate        | 0.0001       |
|    loss                 | -0.0029      |
|    n_updates            | 650          |
|    policy_gradient_loss | -0.0118      |
|    value_loss           | 0.0341       |
------------------------------------------
-----------------------------------------
| oracle/                 |             |
|    keep                 | 0.451       |
| rollout/                |             |
|    ep_len_mean          | 48.5        |
|    ep_rew_mean          | -0.166      |
| time/                   |             |
|    fps                  | 110         |
|    iterations           | 67          |
|    time_elapsed         | 1243        |
|    total_timesteps      | 137216      |
| train/                  |             |
|    approx_kl            | 0.008011878 |
|    bc_kl                | 0.0138      |
|    clip_fraction        | 0.0505      |
|    clip_range           | 0.2         |
|    entropy_loss         | -0.19       |
|    explained_variance   | 0.319       |
|    learning_rate        | 0.0001      |
|    loss                 | -0.00493    |
|    n_updates            | 660         |
|    policy_gradient_loss | -0.0128     |
|    value_loss           | 0.0436      |
-----------------------------------------
-----------------------------------------
| oracle/                 |             |
|    keep                 | 0.443       |
| rollout/                |             |
|    ep_len_mean          | 48.3        |
|    ep_rew_mean          | -0.166      |
| time/                   |             |
|    fps                  | 109         |
|    iterations           | 68          |
|    time_elapsed         | 1268        |
|    total_timesteps      | 139264      |
| train/                  |             |
|    approx_kl            | 0.008903606 |
|    bc_kl                | 0.0131      |
|    clip_fraction        | 0.0502      |
|    clip_range           | 0.2         |
|    entropy_loss         | -0.169      |
|    explained_variance   | 0.465       |
|    learning_rate        | 0.0001      |
|    loss                 | -0.00572    |
|    n_updates            | 670         |
|    policy_gradient_loss | -0.0135     |
|    value_loss           | 0.0307      |
-----------------------------------------
-----------------------------------------
| oracle/                 |             |
|    keep                 | 0.435       |
| rollout/                |             |
|    ep_len_mean          | 48          |
|    ep_rew_mean          | -0.235      |
| time/                   |             |
|    fps                  | 109         |
|    iterations           | 69          |
|    time_elapsed         | 1287        |
|    total_timesteps      | 141312      |
| train/                  |             |
|    approx_kl            | 0.008423246 |
|    bc_kl                | 0.0134      |
|    clip_fraction        | 0.0522      |
|    clip_range           | 0.2         |
|    entropy_loss         | -0.181      |
|    explained_variance   | 0.0916      |
|    learning_rate        | 0.0001      |
|    loss                 | -0.00334    |
|    n_updates            | 680         |
|    policy_gradient_loss | -0.0128     |
|    value_loss           | 0.0207      |
-----------------------------------------
-----------------------------------------
| oracle/                 |             |
|    keep                 | 0.427       |
| rollout/                |             |
|    ep_len_mean          | 49.1        |
|    ep_rew_mean          | -0.262      |
| time/                   |             |
|    fps                  | 109         |
|    iterations           | 70          |
|    time_elapsed         | 1304        |
|    total_timesteps      | 143360      |
| train/                  |             |
|    approx_kl            | 0.009784883 |
|    bc_kl                | 0.0126      |
|    clip_fraction        | 0.0564      |
|    clip_range           | 0.2         |
|    entropy_loss         | -0.186      |
|    explained_variance   | 0.177       |
|    learning_rate        | 0.0001      |
|    loss                 | -0.00893    |
|    n_updates            | 690         |
|    policy_gradient_loss | -0.0138     |
|    value_loss           | 0.0206      |
-----------------------------------------
-----------------------------------------
| oracle/                 |             |
|    keep                 | 0.418       |
| rollout/                |             |
|    ep_len_mean          | 47.5        |
|    ep_rew_mean          | -0.238      |
| time/                   |             |
|    fps                  | 109         |
|    iterations           | 71          |
|    time_elapsed         | 1325        |
|    total_timesteps      | 145408      |
| train/                  |             |
|    approx_kl            | 0.008220233 |
|    bc_kl                | 0.014       |
|    clip_fraction        | 0.0552      |
|    clip_range           | 0.2         |
|    entropy_loss         | -0.192      |
|    explained_variance   | 0.192       |
|    learning_rate        | 0.0001      |
|    loss                 | -0.00712    |
|    n_updates            | 700         |
|    policy_gradient_loss | -0.0126     |
|    value_loss           | 0.0187      |
-----------------------------------------
-----------------------------------------
| oracle/                 |             |
|    keep                 | 0.41        |
| rollout/                |             |
|    ep_len_mean          | 47.9        |
|    ep_rew_mean          | -0.207      |
| time/                   |             |
|    fps                  | 109         |
|    iterations           | 72          |
|    time_elapsed         | 1347        |
|    total_timesteps      | 147456      |
| train/                  |             |
|    approx_kl            | 0.007456677 |
|    bc_kl                | 0.0148      |
|    clip_fraction        | 0.0547      |
|    clip_range           | 0.2         |
|    entropy_loss         | -0.202      |
|    explained_variance   | 0.271       |
|    learning_rate        | 0.0001      |
|    loss                 | -0.00681    |
|    n_updates            | 710         |
|    policy_gradient_loss | -0.0141     |
|    value_loss           | 0.0184      |
-----------------------------------------
------------------------------------------
| oracle/                 |              |
|    keep                 | 0.402        |
| rollout/                |              |
|    ep_len_mean          | 46.3         |
|    ep_rew_mean          | -0.139       |
| time/                   |              |
|    fps                  | 109          |
|    iterations           | 73           |
|    time_elapsed         | 1366         |
|    total_timesteps      | 149504       |
| train/                  |              |
|    approx_kl            | 0.0058607035 |
|    bc_kl                | 0.0156       |
|    clip_fraction        | 0.0502       |
|    clip_range           | 0.2          |
|    entropy_loss         | -0.198       |
|    explained_variance   | 0.358        |
|    learning_rate        | 0.0001       |
|    loss                 | 0.000852     |
|    n_updates            | 720          |
|    policy_gradient_loss | -0.0129      |
|    value_loss           | 0.0204       |
------------------------------------------
-----------------------------------------
| oracle/                 |             |
|    keep                 | 0.394       |
| rollout/                |             |
|    ep_len_mean          | 47.1        |
|    ep_rew_mean          | -0.124      |
| time/                   |             |
|    fps                  | 109         |
|    iterations           | 74          |
|    time_elapsed         | 1383        |
|    total_timesteps      | 151552      |
| train/                  |             |
|    approx_kl            | 0.008064513 |
|    bc_kl                | 0.0161      |
|    clip_fraction        | 0.0545      |
|    clip_range           | 0.2         |
|    entropy_loss         | -0.177      |
|    explained_variance   | 0.422       |
|    learning_rate        | 0.0001      |
|    loss                 | -0.0143     |
|    n_updates            | 730         |
|    policy_gradient_loss | -0.0157     |
|    value_loss           | 0.02        |
-----------------------------------------
------------------------------------------
| oracle/                 |              |
|    keep                 | 0.386        |
| rollout/                |              |
|    ep_len_mean          | 47.7         |
|    ep_rew_mean          | -0.135       |
| time/                   |              |
|    fps                  | 109          |
|    iterations           | 75           |
|    time_elapsed         | 1397         |
|    total_timesteps      | 153600       |
| train/                  |              |
|    approx_kl            | 0.0077133267 |
|    bc_kl                | 0.0166       |
|    clip_fraction        | 0.0561       |
|    clip_range           | 0.2          |
|    entropy_loss         | -0.205       |
|    explained_variance   | 0.0282       |
|    learning_rate        | 0.0001       |
|    loss                 | -0.00109     |
|    n_updates            | 740          |
|    policy_gradient_loss | -0.0119      |
|    value_loss           | 0.0192       |
------------------------------------------
-----------------------------------------
| oracle/                 |             |
|    keep                 | 0.377       |
| rollout/                |             |
|    ep_len_mean          | 47.5        |
|    ep_rew_mean          | -0.125      |
| time/                   |             |
|    fps                  | 110         |
|    iterations           | 76          |
|    time_elapsed         | 1412        |
|    total_timesteps      | 155648      |
| train/                  |             |
|    approx_kl            | 0.008070167 |
|    bc_kl                | 0.0154      |
|    clip_fraction        | 0.0536      |
|    clip_range           | 0.2         |
|    entropy_loss         | -0.183      |
|    explained_variance   | 0.61        |
|    learning_rate        | 0.0001      |
|    loss                 | -0.00285    |
|    n_updates            | 750         |
|    policy_gradient_loss | -0.0128     |
|    value_loss           | 0.0268      |
-----------------------------------------
----------------------------------------
| oracle/                 |            |
|    keep                 | 0.369      |
| rollout/                |            |
|    ep_len_mean          | 50.3       |
|    ep_rew_mean          | -0.239     |
| time/                   |            |
|    fps                  | 110        |
|    iterations           | 77         |
|    time_elapsed         | 1426       |
|    total_timesteps      | 157696     |
| train/                  |            |
|    approx_kl            | 0.00786434 |
|    bc_kl                | 0.0132     |
|    clip_fraction        | 0.0526     |
|    clip_range           | 0.2        |
|    entropy_loss         | -0.202     |
|    explained_variance   | 0.266      |
|    learning_rate        | 0.0001     |
|    loss                 | -0.00531   |
|    n_updates            | 760        |
|    policy_gradient_loss | -0.0134    |
|    value_loss           | 0.028      |
----------------------------------------
-----------------------------------------
| oracle/                 |             |
|    keep                 | 0.361       |
| rollout/                |             |
|    ep_len_mean          | 51.7        |
|    ep_rew_mean          | -0.237      |
| time/                   |             |
|    fps                  | 110         |
|    iterations           | 78          |
|    time_elapsed         | 1439        |
|    total_timesteps      | 159744      |
| train/                  |             |
|    approx_kl            | 0.005689062 |
|    bc_kl                | 0.0131      |
|    clip_fraction        | 0.0429      |
|    clip_range           | 0.2         |
|    entropy_loss         | -0.172      |
|    explained_variance   | 0.19        |
|    learning_rate        | 0.0001      |
|    loss                 | 0.0121      |
|    n_updates            | 770         |
|    policy_gradient_loss | -0.00923    |
|    value_loss           | 0.0491      |
-----------------------------------------
-----------------------------------------
| oracle/                 |             |
|    keep                 | 0.353       |
| rollout/                |             |
|    ep_len_mean          | 51          |
|    ep_rew_mean          | -0.245      |
| time/                   |             |
|    fps                  | 111         |
|    iterations           | 79          |
|    time_elapsed         | 1453        |
|    total_timesteps      | 161792      |
| train/                  |             |
|    approx_kl            | 0.009611853 |
|    bc_kl                | 0.0155      |
|    clip_fraction        | 0.0571      |
|    clip_range           | 0.2         |
|    entropy_loss         | -0.185      |
|    explained_variance   | 0.326       |
|    learning_rate        | 0.0001      |
|    loss                 | -0.00764    |
|    n_updates            | 780         |
|    policy_gradient_loss | -0.0146     |
|    value_loss           | 0.018       |
-----------------------------------------
------------------------------------------
| oracle/                 |              |
|    keep                 | 0.345        |
| rollout/                |              |
|    ep_len_mean          | 49.9         |
|    ep_rew_mean          | -0.207       |
| time/                   |              |
|    fps                  | 111          |
|    iterations           | 80           |
|    time_elapsed         | 1467         |
|    total_timesteps      | 163840       |
| train/                  |              |
|    approx_kl            | 0.0077658035 |
|    bc_kl                | 0.0153       |
|    clip_fraction        | 0.0501       |
|    clip_range           | 0.2          |
|    entropy_loss         | -0.189       |
|    explained_variance   | -0.116       |
|    learning_rate        | 0.0001       |
|    loss                 | -0.00524     |
|    n_updates            | 790          |
|    policy_gradient_loss | -0.0118      |
|    value_loss           | 0.0224       |
------------------------------------------
-----------------------------------------
| oracle/                 |             |
|    keep                 | 0.336       |
| rollout/                |             |
|    ep_len_mean          | 47.5        |
|    ep_rew_mean          | -0.141      |
| time/                   |             |
|    fps                  | 111         |
|    iterations           | 81          |
|    time_elapsed         | 1482        |
|    total_timesteps      | 165888      |
| train/                  |             |
|    approx_kl            | 0.008880077 |
|    bc_kl                | 0.0153      |
|    clip_fraction        | 0.0504      |
|    clip_range           | 0.2         |
|    entropy_loss         | -0.188      |
|    explained_variance   | -0.0815     |
|    learning_rate        | 0.0001      |
|    loss                 | -0.0019     |
|    n_updates            | 800         |
|    policy_gradient_loss | -0.0106     |
|    value_loss           | 0.0247      |
-----------------------------------------
------------------------------------------
| oracle/                 |              |
|    keep                 | 0.328        |
| rollout/                |              |
|    ep_len_mean          | 48.2         |
|    ep_rew_mean          | -0.0868      |
| time/                   |              |
|    fps                  | 112          |
|    iterations           | 82           |
|    time_elapsed         | 1499         |
|    total_timesteps      | 167936       |
| train/                  |              |
|    approx_kl            | 0.0080903955 |
|    bc_kl                | 0.0129       |
|    clip_fraction        | 0.0518       |
|    clip_range           | 0.2          |
|    entropy_loss         | -0.191       |
|    explained_variance   | 0.271        |
|    learning_rate        | 0.0001       |
|    loss                 | -0.00257     |
|    n_updates            | 810          |
|    policy_gradient_loss | -0.00964     |
|    value_loss           | 0.0334       |
------------------------------------------
-----------------------------------------
| oracle/                 |             |
|    keep                 | 0.32        |
| rollout/                |             |
|    ep_len_mean          | 46.9        |
|    ep_rew_mean          | -0.147      |
| time/                   |             |
|    fps                  | 111         |
|    iterations           | 83          |
|    time_elapsed         | 1518        |
|    total_timesteps      | 169984      |
| train/                  |             |
|    approx_kl            | 0.008923788 |
|    bc_kl                | 0.0137      |
|    clip_fraction        | 0.0529      |
|    clip_range           | 0.2         |
|    entropy_loss         | -0.186      |
|    explained_variance   | 0.449       |
|    learning_rate        | 0.0001      |
|    loss                 | -0.0113     |
|    n_updates            | 820         |
|    policy_gradient_loss | -0.0142     |
|    value_loss           | 0.0244      |
-----------------------------------------
----------------------------------------
| oracle/                 |            |
|    keep                 | 0.312      |
| rollout/                |            |
|    ep_len_mean          | 47.9       |
|    ep_rew_mean          | -0.139     |
| time/                   |            |
|    fps                  | 111        |
|    iterations           | 84         |
|    time_elapsed         | 1541       |
|    total_timesteps      | 172032     |
| train/                  |            |
|    approx_kl            | 0.00876549 |
|    bc_kl                | 0.0158     |
|    clip_fraction        | 0.0577     |
|    clip_range           | 0.2        |
|    entropy_loss         | -0.203     |
|    explained_variance   | 0.336      |
|    learning_rate        | 0.0001     |
|    loss                 | -0.0103    |
|    n_updates            | 830        |
|    policy_gradient_loss | -0.0139    |
|    value_loss           | 0.0255     |
----------------------------------------
-----------------------------------------
| oracle/                 |             |
|    keep                 | 0.304       |
| rollout/                |             |
|    ep_len_mean          | 46.2        |
|    ep_rew_mean          | -0.197      |
| time/                   |             |
|    fps                  | 111         |
|    iterations           | 85          |
|    time_elapsed         | 1563        |
|    total_timesteps      | 174080      |
| train/                  |             |
|    approx_kl            | 0.008078779 |
|    bc_kl                | 0.0148      |
|    clip_fraction        | 0.0478      |
|    clip_range           | 0.2         |
|    entropy_loss         | -0.181      |
|    explained_variance   | 0.219       |
|    learning_rate        | 0.0001      |
|    loss                 | -0.00514    |
|    n_updates            | 840         |
|    policy_gradient_loss | -0.0128     |
|    value_loss           | 0.0201      |
-----------------------------------------
-----------------------------------------
| oracle/                 |             |
|    keep                 | 0.295       |
| rollout/                |             |
|    ep_len_mean          | 48.5        |
|    ep_rew_mean          | -0.196      |
| time/                   |             |
|    fps                  | 110         |
|    iterations           | 86          |
|    time_elapsed         | 1586        |
|    total_timesteps      | 176128      |
| train/                  |             |
|    approx_kl            | 0.008419622 |
|    bc_kl                | 0.0148      |
|    clip_fraction        | 0.0558      |
|    clip_range           | 0.2         |
|    entropy_loss         | -0.195      |
|    explained_variance   | 0.278       |
|    learning_rate        | 0.0001      |
|    loss                 | -0.0101     |
|    n_updates            | 850         |
|    policy_gradient_loss | -0.0162     |
|    value_loss           | 0.0159      |
-----------------------------------------
---------------------------------------
| oracle/                 |           |
|    keep                 | 0.287     |
| rollout/                |           |
|    ep_len_mean          | 49.9      |
|    ep_rew_mean          | -0.163    |
| time/                   |           |
|    fps                  | 110       |
|    iterations           | 87        |
|    time_elapsed         | 1607      |
|    total_timesteps      | 178176    |
| train/                  |           |
|    approx_kl            | 0.0084021 |
|    bc_kl                | 0.0161    |
|    clip_fraction        | 0.0603    |
|    clip_range           | 0.2       |
|    entropy_loss         | -0.198    |
|    explained_variance   | 0.311     |
|    learning_rate        | 0.0001    |
|    loss                 | -0.00489  |
|    n_updates            | 860       |
|    policy_gradient_loss | -0.0146   |
|    value_loss           | 0.0211    |
---------------------------------------
-----------------------------------------
| oracle/                 |             |
|    keep                 | 0.279       |
| rollout/                |             |
|    ep_len_mean          | 48.8        |
|    ep_rew_mean          | -0.0715     |
| time/                   |             |
|    fps                  | 110         |
|    iterations           | 88          |
|    time_elapsed         | 1624        |
|    total_timesteps      | 180224      |
| train/                  |             |
|    approx_kl            | 0.008757307 |
|    bc_kl                | 0.0174      |
|    clip_fraction        | 0.0576      |
|    clip_range           | 0.2         |
|    entropy_loss         | -0.193      |
|    explained_variance   | 0.542       |
|    learning_rate        | 0.0001      |
|    loss                 | -0.0175     |
|    n_updates            | 870         |
|    policy_gradient_loss | -0.0164     |
|    value_loss           | 0.0122      |
-----------------------------------------
-----------------------------------------
| oracle/                 |             |
|    keep                 | 0.271       |
| rollout/                |             |
|    ep_len_mean          | 47.5        |
|    ep_rew_mean          | -0.109      |
| time/                   |             |
|    fps                  | 110         |
|    iterations           | 89          |
|    time_elapsed         | 1642        |
|    total_timesteps      | 182272      |
| train/                  |             |
|    approx_kl            | 0.010057999 |
|    bc_kl                | 0.0131      |
|    clip_fraction        | 0.0591      |
|    clip_range           | 0.2         |
|    entropy_loss         | -0.192      |
|    explained_variance   | 0.161       |
|    learning_rate        | 0.0001      |
|    loss                 | -0.00614    |
|    n_updates            | 880         |
|    policy_gradient_loss | -0.0104     |
|    value_loss           | 0.0255      |
-----------------------------------------
-----------------------------------------
| oracle/                 |             |
|    keep                 | 0.263       |
| rollout/                |             |
|    ep_len_mean          | 46.7        |
|    ep_rew_mean          | -0.198      |
| time/                   |             |
|    fps                  | 110         |
|    iterations           | 90          |
|    time_elapsed         | 1662        |
|    total_timesteps      | 184320      |
| train/                  |             |
|    approx_kl            | 0.007570897 |
|    bc_kl                | 0.0139      |
|    clip_fraction        | 0.0549      |
|    clip_range           | 0.2         |
|    entropy_loss         | -0.188      |
|    explained_variance   | 0.0161      |
|    learning_rate        | 0.0001      |
|    loss                 | -0.00506    |
|    n_updates            | 890         |
|    policy_gradient_loss | -0.013      |
|    value_loss           | 0.0244      |
-----------------------------------------
-----------------------------------------
| oracle/                 |             |
|    keep                 | 0.255       |
| rollout/                |             |
|    ep_len_mean          | 47.2        |
|    ep_rew_mean          | -0.202      |
| time/                   |             |
|    fps                  | 111         |
|    iterations           | 91          |
|    time_elapsed         | 1678        |
|    total_timesteps      | 186368      |
| train/                  |             |
|    approx_kl            | 0.008211068 |
|    bc_kl                | 0.015       |
|    clip_fraction        | 0.055       |
|    clip_range           | 0.2         |
|    entropy_loss         | -0.201      |
|    explained_variance   | 0.353       |
|    learning_rate        | 0.0001      |
|    loss                 | -0.00665    |
|    n_updates            | 900         |
|    policy_gradient_loss | -0.0145     |
|    value_loss           | 0.0179      |
-----------------------------------------
-----------------------------------------
| oracle/                 |             |
|    keep                 | 0.246       |
| rollout/                |             |
|    ep_len_mean          | 50.1        |
|    ep_rew_mean          | -0.133      |
| time/                   |             |
|    fps                  | 111         |
|    iterations           | 92          |
|    time_elapsed         | 1696        |
|    total_timesteps      | 188416      |
| train/                  |             |
|    approx_kl            | 0.007350351 |
|    bc_kl                | 0.0118      |
|    clip_fraction        | 0.05        |
|    clip_range           | 0.2         |
|    entropy_loss         | -0.19       |
|    explained_variance   | -0.0515     |
|    learning_rate        | 0.0001      |
|    loss                 | 0.000408    |
|    n_updates            | 910         |
|    policy_gradient_loss | -0.0103     |
|    value_loss           | 0.028       |
-----------------------------------------
------------------------------------------
| oracle/                 |              |
|    keep                 | 0.238        |
| rollout/                |              |
|    ep_len_mean          | 48.7         |
|    ep_rew_mean          | -0.127       |
| time/                   |              |
|    fps                  | 111          |
|    iterations           | 93           |
|    time_elapsed         | 1714         |
|    total_timesteps      | 190464       |
| train/                  |              |
|    approx_kl            | 0.0072794417 |
|    bc_kl                | 0.0122       |
|    clip_fraction        | 0.0395       |
|    clip_range           | 0.2          |
|    entropy_loss         | -0.172       |
|    explained_variance   | 0.53         |
|    learning_rate        | 0.0001       |
|    loss                 | -0.00399     |
|    n_updates            | 920          |
|    policy_gradient_loss | -0.00955     |
|    value_loss           | 0.0221       |
------------------------------------------
-----------------------------------------
| oracle/                 |             |
|    keep                 | 0.23        |
| rollout/                |             |
|    ep_len_mean          | 49.7        |
|    ep_rew_mean          | -0.187      |
| time/                   |             |
|    fps                  | 111         |
|    iterations           | 94          |
|    time_elapsed         | 1731        |
|    total_timesteps      | 192512      |
| train/                  |             |
|    approx_kl            | 0.007017332 |
|    bc_kl                | 0.0146      |
|    clip_fraction        | 0.0567      |
|    clip_range           | 0.2         |
|    entropy_loss         | -0.199      |
|    explained_variance   | 0.423       |
|    learning_rate        | 0.0001      |
|    loss                 | -0.00537    |
|    n_updates            | 930         |
|    policy_gradient_loss | -0.0121     |
|    value_loss           | 0.0238      |
-----------------------------------------
-----------------------------------------
| oracle/                 |             |
|    keep                 | 0.222       |
| rollout/                |             |
|    ep_len_mean          | 46.1        |
|    ep_rew_mean          | -0.203      |
| time/                   |             |
|    fps                  | 111         |
|    iterations           | 95          |
|    time_elapsed         | 1746        |
|    total_timesteps      | 194560      |
| train/                  |             |
|    approx_kl            | 0.009489553 |
|    bc_kl                | 0.0135      |
|    clip_fraction        | 0.0555      |
|    clip_range           | 0.2         |
|    entropy_loss         | -0.191      |
|    explained_variance   | -0.0668     |
|    learning_rate        | 0.0001      |
|    loss                 | -0.0111     |
|    n_updates            | 940         |
|    policy_gradient_loss | -0.0128     |
|    value_loss           | 0.0257      |
-----------------------------------------
-----------------------------------------
| oracle/                 |             |
|    keep                 | 0.214       |
| rollout/                |             |
|    ep_len_mean          | 46.4        |
|    ep_rew_mean          | -0.179      |
| time/                   |             |
|    fps                  | 111         |
|    iterations           | 96          |
|    time_elapsed         | 1760        |
|    total_timesteps      | 196608      |
| train/                  |             |
|    approx_kl            | 0.009590952 |
|    bc_kl                | 0.0146      |
|    clip_fraction        | 0.0595      |
|    clip_range           | 0.2         |
|    entropy_loss         | -0.2        |
|    explained_variance   | 0.122       |
|    learning_rate        | 0.0001      |
|    loss                 | -0.00746    |
|    n_updates            | 950         |
|    policy_gradient_loss | -0.0145     |
|    value_loss           | 0.0186      |
-----------------------------------------
----------------------------------------
| oracle/                 |            |
|    keep                 | 0.205      |
| rollout/                |            |
|    ep_len_mean          | 47         |
|    ep_rew_mean          | -0.135     |
| time/                   |            |
|    fps                  | 111        |
|    iterations           | 97         |
|    time_elapsed         | 1774       |
|    total_timesteps      | 198656     |
| train/                  |            |
|    approx_kl            | 0.00833115 |
|    bc_kl                | 0.0143     |
|    clip_fraction        | 0.0544     |
|    clip_range           | 0.2        |
|    entropy_loss         | -0.179     |
|    explained_variance   | 0.105      |
|    learning_rate        | 0.0001     |
|    loss                 | -0.0045    |
|    n_updates            | 960        |
|    policy_gradient_loss | -0.0122    |
|    value_loss           | 0.022      |
----------------------------------------
-----------------------------------------
| oracle/                 |             |
|    keep                 | 0.197       |
| rollout/                |             |
|    ep_len_mean          | 46.9        |
|    ep_rew_mean          | -0.0915     |
| time/                   |             |
|    fps                  | 112         |
|    iterations           | 98          |
|    time_elapsed         | 1788        |
|    total_timesteps      | 200704      |
| train/                  |             |
|    approx_kl            | 0.006443142 |
|    bc_kl                | 0.0128      |
|    clip_fraction        | 0.0452      |
|    clip_range           | 0.2         |
|    entropy_loss         | -0.188      |
|    explained_variance   | 0.0191      |
|    learning_rate        | 0.0001      |
|    loss                 | 0.0117      |
|    n_updates            | 970         |
|    policy_gradient_loss | -0.00994    |
|    value_loss           | 0.0396      |
-----------------------------------------
----------------------------------------
| oracle/                 |            |
|    keep                 | 0.189      |
| rollout/                |            |
|    ep_len_mean          | 45.9       |
|    ep_rew_mean          | -0.131     |
| time/                   |            |
|    fps                  | 112        |
|    iterations           | 99         |
|    time_elapsed         | 1802       |
|    total_timesteps      | 202752     |
| train/                  |            |
|    approx_kl            | 0.01022989 |
|    bc_kl                | 0.0138     |
|    clip_fraction        | 0.0524     |
|    clip_range           | 0.2        |
|    entropy_loss         | -0.178     |
|    explained_variance   | -0.12      |
|    learning_rate        | 0.0001     |
|    loss                 | -0.00535   |
|    n_updates            | 980        |
|    policy_gradient_loss | -0.0118    |
|    value_loss           | 0.0226     |
----------------------------------------
------------------------------------------
| oracle/                 |              |
|    keep                 | 0.181        |
| rollout/                |              |
|    ep_len_mean          | 49.7         |
|    ep_rew_mean          | -0.0964      |
| time/                   |              |
|    fps                  | 112          |
|    iterations           | 100          |
|    time_elapsed         | 1815         |
|    total_timesteps      | 204800       |
| train/                  |              |
|    approx_kl            | 0.0069424943 |
|    bc_kl                | 0.0127       |
|    clip_fraction        | 0.0468       |
|    clip_range           | 0.2          |
|    entropy_loss         | -0.18        |
|    explained_variance   | 0.106        |
|    learning_rate        | 0.0001       |
|    loss                 | -0.00233     |
|    n_updates            | 990          |
|    policy_gradient_loss | -0.0123      |
|    value_loss           | 0.0249       |
------------------------------------------
-----------------------------------------
| oracle/                 |             |
|    keep                 | 0.173       |
| rollout/                |             |
|    ep_len_mean          | 47.7        |
|    ep_rew_mean          | -0.113      |
| time/                   |             |
|    fps                  | 113         |
|    iterations           | 101         |
|    time_elapsed         | 1828        |
|    total_timesteps      | 206848      |
| train/                  |             |
|    approx_kl            | 0.008439519 |
|    bc_kl                | 0.0127      |
|    clip_fraction        | 0.0509      |
|    clip_range           | 0.2         |
|    entropy_loss         | -0.183      |
|    explained_variance   | 0.239       |
|    learning_rate        | 0.0001      |
|    loss                 | 0.000926    |
|    n_updates            | 1000        |
|    policy_gradient_loss | -0.0113     |
|    value_loss           | 0.0263      |
-----------------------------------------
-----------------------------------------
| oracle/                 |             |
|    keep                 | 0.164       |
| rollout/                |             |
|    ep_len_mean          | 46          |
|    ep_rew_mean          | -0.154      |
| time/                   |             |
|    fps                  | 113         |
|    iterations           | 102         |
|    time_elapsed         | 1841        |
|    total_timesteps      | 208896      |
| train/                  |             |
|    approx_kl            | 0.005636394 |
|    bc_kl                | 0.0118      |
|    clip_fraction        | 0.0452      |
|    clip_range           | 0.2         |
|    entropy_loss         | -0.185      |
|    explained_variance   | 0.307       |
|    learning_rate        | 0.0001      |
|    loss                 | -0.00393    |
|    n_updates            | 1010        |
|    policy_gradient_loss | -0.0101     |
|    value_loss           | 0.0227      |
-----------------------------------------
------------------------------------------
| oracle/                 |              |
|    keep                 | 0.156        |
| rollout/                |              |
|    ep_len_mean          | 45.5         |
|    ep_rew_mean          | -0.121       |
| time/                   |              |
|    fps                  | 113          |
|    iterations           | 103          |
|    time_elapsed         | 1857         |
|    total_timesteps      | 210944       |
| train/                  |              |
|    approx_kl            | 0.0072442875 |
|    bc_kl                | 0.0132       |
|    clip_fraction        | 0.0482       |
|    clip_range           | 0.2          |
|    entropy_loss         | -0.193       |
|    explained_variance   | 0.394        |
|    learning_rate        | 0.0001       |
|    loss                 | -0.00656     |
|    n_updates            | 1020         |
|    policy_gradient_loss | -0.0112      |
|    value_loss           | 0.0181       |
------------------------------------------
-----------------------------------------
| oracle/                 |             |
|    keep                 | 0.148       |
| rollout/                |             |
|    ep_len_mean          | 45.8        |
|    ep_rew_mean          | -0.195      |
| time/                   |             |
|    fps                  | 113         |
|    iterations           | 104         |
|    time_elapsed         | 1875        |
|    total_timesteps      | 212992      |
| train/                  |             |
|    approx_kl            | 0.009820646 |
|    bc_kl                | 0.0141      |
|    clip_fraction        | 0.056       |
|    clip_range           | 0.2         |
|    entropy_loss         | -0.184      |
|    explained_variance   | 0.258       |
|    learning_rate        | 0.0001      |
|    loss                 | -0.0101     |
|    n_updates            | 1030        |
|    policy_gradient_loss | -0.0142     |
|    value_loss           | 0.0179      |
-----------------------------------------
-----------------------------------------
| oracle/                 |             |
|    keep                 | 0.14        |
| rollout/                |             |
|    ep_len_mean          | 44.1        |
|    ep_rew_mean          | -0.165      |
| time/                   |             |
|    fps                  | 113         |
|    iterations           | 105         |
|    time_elapsed         | 1890        |
|    total_timesteps      | 215040      |
| train/                  |             |
|    approx_kl            | 0.007951368 |
|    bc_kl                | 0.0142      |
|    clip_fraction        | 0.0542      |
|    clip_range           | 0.2         |
|    entropy_loss         | -0.202      |
|    explained_variance   | 0.343       |
|    learning_rate        | 0.0001      |
|    loss                 | -0.00792    |
|    n_updates            | 1040        |
|    policy_gradient_loss | -0.0143     |
|    value_loss           | 0.0161      |
-----------------------------------------
------------------------------------------
| oracle/                 |              |
|    keep                 | 0.132        |
| rollout/                |              |
|    ep_len_mean          | 46.2         |
|    ep_rew_mean          | -0.163       |
| time/                   |              |
|    fps                  | 113          |
|    iterations           | 106          |
|    time_elapsed         | 1908         |
|    total_timesteps      | 217088       |
| train/                  |              |
|    approx_kl            | 0.0068430924 |
|    bc_kl                | 0.0149       |
|    clip_fraction        | 0.0537       |
|    clip_range           | 0.2          |
|    entropy_loss         | -0.19        |
|    explained_variance   | 0.0718       |
|    learning_rate        | 0.0001       |
|    loss                 | 0.00782      |
|    n_updates            | 1050         |
|    policy_gradient_loss | -0.0098      |
|    value_loss           | 0.04         |
------------------------------------------
-----------------------------------------
| oracle/                 |             |
|    keep                 | 0.123       |
| rollout/                |             |
|    ep_len_mean          | 47.1        |
|    ep_rew_mean          | -0.183      |
| time/                   |             |
|    fps                  | 113         |
|    iterations           | 107         |
|    time_elapsed         | 1927        |
|    total_timesteps      | 219136      |
| train/                  |             |
|    approx_kl            | 0.009523384 |
|    bc_kl                | 0.0132      |
|    clip_fraction        | 0.0549      |
|    clip_range           | 0.2         |
|    entropy_loss         | -0.203      |
|    explained_variance   | 0.205       |
|    learning_rate        | 0.0001      |
|    loss                 | -0.0058     |
|    n_updates            | 1060        |
|    policy_gradient_loss | -0.012      |
|    value_loss           | 0.0152      |
-----------------------------------------
-----------------------------------------
| oracle/                 |             |
|    keep                 | 0.115       |
| rollout/                |             |
|    ep_len_mean          | 47.7        |
|    ep_rew_mean          | -0.162      |
| time/                   |             |
|    fps                  | 113         |
|    iterations           | 108         |
|    time_elapsed         | 1944        |
|    total_timesteps      | 221184      |
| train/                  |             |
|    approx_kl            | 0.008212018 |
|    bc_kl                | 0.0129      |
|    clip_fraction        | 0.0543      |
|    clip_range           | 0.2         |
|    entropy_loss         | -0.191      |
|    explained_variance   | 0.362       |
|    learning_rate        | 0.0001      |
|    loss                 | -0.00271    |
|    n_updates            | 1070        |
|    policy_gradient_loss | -0.0127     |
|    value_loss           | 0.0292      |
-----------------------------------------
----------------------------------------
| oracle/                 |            |
|    keep                 | 0.107      |
| rollout/                |            |
|    ep_len_mean          | 46.4       |
|    ep_rew_mean          | -0.171     |
| time/                   |            |
|    fps                  | 113        |
|    iterations           | 109        |
|    time_elapsed         | 1962       |
|    total_timesteps      | 223232     |
| train/                  |            |
|    approx_kl            | 0.00885756 |
|    bc_kl                | 0.0146     |
|    clip_fraction        | 0.052      |
|    clip_range           | 0.2        |
|    entropy_loss         | -0.204     |
|    explained_variance   | 0.34       |
|    learning_rate        | 0.0001     |
|    loss                 | -0.00831   |
|    n_updates            | 1080       |
|    policy_gradient_loss | -0.0146    |
|    value_loss           | 0.0231     |
----------------------------------------
-----------------------------------------
| oracle/                 |             |
|    keep                 | 0.0989      |
| rollout/                |             |
|    ep_len_mean          | 45.5        |
|    ep_rew_mean          | -0.137      |
| time/                   |             |
|    fps                  | 113         |
|    iterations           | 110         |
|    time_elapsed         | 1983        |
|    total_timesteps      | 225280      |
| train/                  |             |
|    approx_kl            | 0.008716073 |
|    bc_kl                | 0.0131      |
|    clip_fraction        | 0.0536      |
|    clip_range           | 0.2         |
|    entropy_loss         | -0.187      |
|    explained_variance   | 0.213       |
|    learning_rate        | 0.0001      |
|    loss                 | -0.00334    |
|    n_updates            | 1090        |
|    policy_gradient_loss | -0.0123     |
|    value_loss           | 0.0287      |
-----------------------------------------
-----------------------------------------
| oracle/                 |             |
|    keep                 | 0.0907      |
| rollout/                |             |
|    ep_len_mean          | 47.4        |
|    ep_rew_mean          | -0.121      |
| time/                   |             |
|    fps                  | 113         |
|    iterations           | 111         |
|    time_elapsed         | 2005        |
|    total_timesteps      | 227328      |
| train/                  |             |
|    approx_kl            | 0.007640828 |
|    bc_kl                | 0.0136      |
|    clip_fraction        | 0.0493      |
|    clip_range           | 0.2         |
|    entropy_loss         | -0.173      |
|    explained_variance   | 0.314       |
|    learning_rate        | 0.0001      |
|    loss                 | -0.00338    |
|    n_updates            | 1100        |
|    policy_gradient_loss | -0.0121     |
|    value_loss           | 0.0243      |
-----------------------------------------
------------------------------------------
| oracle/                 |              |
|    keep                 | 0.0825       |
| rollout/                |              |
|    ep_len_mean          | 47.6         |
|    ep_rew_mean          | -0.141       |
| time/                   |              |
|    fps                  | 113          |
|    iterations           | 112          |
|    time_elapsed         | 2026         |
|    total_timesteps      | 229376       |
| train/                  |              |
|    approx_kl            | 0.0088503985 |
|    bc_kl                | 0.0146       |
|    clip_fraction        | 0.0517       |
|    clip_range           | 0.2          |
|    entropy_loss         | -0.184       |
|    explained_variance   | 0.457        |
|    learning_rate        | 0.0001       |
|    loss                 | -0.00783     |
|    n_updates            | 1110         |
|    policy_gradient_loss | -0.0134      |
|    value_loss           | 0.0168       |
------------------------------------------
-----------------------------------------
| oracle/                 |             |
|    keep                 | 0.0743      |
| rollout/                |             |
|    ep_len_mean          | 47.8        |
|    ep_rew_mean          | -0.146      |
| time/                   |             |
|    fps                  | 113         |
|    iterations           | 113         |
|    time_elapsed         | 2046        |
|    total_timesteps      | 231424      |
| train/                  |             |
|    approx_kl            | 0.009129885 |
|    bc_kl                | 0.0141      |
|    clip_fraction        | 0.0592      |
|    clip_range           | 0.2         |
|    entropy_loss         | -0.194      |
|    explained_variance   | -0.0518     |
|    learning_rate        | 0.0001      |
|    loss                 | -0.00525    |
|    n_updates            | 1120        |
|    policy_gradient_loss | -0.0133     |
|    value_loss           | 0.0199      |
-----------------------------------------
-----------------------------------------
| oracle/                 |             |
|    keep                 | 0.0661      |
| rollout/                |             |
|    ep_len_mean          | 46.1        |
|    ep_rew_mean          | -0.2        |
| time/                   |             |
|    fps                  | 112         |
|    iterations           | 114         |
|    time_elapsed         | 2076        |
|    total_timesteps      | 233472      |
| train/                  |             |
|    approx_kl            | 0.009108339 |
|    bc_kl                | 0.0148      |
|    clip_fraction        | 0.0564      |
|    clip_range           | 0.2         |
|    entropy_loss         | -0.205      |
|    explained_variance   | 0.399       |
|    learning_rate        | 0.0001      |
|    loss                 | -0.00763    |
|    n_updates            | 1130        |
|    policy_gradient_loss | -0.0143     |
|    value_loss           | 0.018       |
-----------------------------------------
------------------------------------------
| oracle/                 |              |
|    keep                 | 0.0579       |
| rollout/                |              |
|    ep_len_mean          | 43.5         |
|    ep_rew_mean          | -0.186       |
| time/                   |              |
|    fps                  | 112          |
|    iterations           | 115          |
|    time_elapsed         | 2101         |
|    total_timesteps      | 235520       |
| train/                  |              |
|    approx_kl            | 0.0075831832 |
|    bc_kl                | 0.0139       |
|    clip_fraction        | 0.0496       |
|    clip_range           | 0.2          |
|    entropy_loss         | -0.196       |
|    explained_variance   | 0.161        |
|    learning_rate        | 0.0001       |
|    loss                 | 0.0134       |
|    n_updates            | 1140         |
|    policy_gradient_loss | -0.0112      |
|    value_loss           | 0.0479       |
------------------------------------------
-----------------------------------------
| oracle/                 |             |
|    keep                 | 0.0497      |
| rollout/                |             |
|    ep_len_mean          | 45.7        |
|    ep_rew_mean          | -0.179      |
| time/                   |             |
|    fps                  | 112         |
|    iterations           | 116         |
|    time_elapsed         | 2120        |
|    total_timesteps      | 237568      |
| train/                  |             |
|    approx_kl            | 0.008555095 |
|    bc_kl                | 0.0155      |
|    clip_fraction        | 0.0553      |
|    clip_range           | 0.2         |
|    entropy_loss         | -0.2        |
|    explained_variance   | 0.413       |
|    learning_rate        | 0.0001      |
|    loss                 | 0.000162    |
|    n_updates            | 1150        |
|    policy_gradient_loss | -0.0142     |
|    value_loss           | 0.0373      |
-----------------------------------------
------------------------------------------
| oracle/                 |              |
|    keep                 | 0.0415       |
| rollout/                |              |
|    ep_len_mean          | 45           |
|    ep_rew_mean          | -0.157       |
| time/                   |              |
|    fps                  | 111          |
|    iterations           | 117          |
|    time_elapsed         | 2143         |
|    total_timesteps      | 239616       |
| train/                  |              |
|    approx_kl            | 0.0067353817 |
|    bc_kl                | 0.0144       |
|    clip_fraction        | 0.0527       |
|    clip_range           | 0.2          |
|    entropy_loss         | -0.193       |
|    explained_variance   | 0.227        |
|    learning_rate        | 0.0001       |
|    loss                 | -0.00342     |
|    n_updates            | 1160         |
|    policy_gradient_loss | -0.0122      |
|    value_loss           | 0.0272       |
------------------------------------------
-----------------------------------------
| oracle/                 |             |
|    keep                 | 0.0333      |
| rollout/                |             |
|    ep_len_mean          | 45.6        |
|    ep_rew_mean          | -0.148      |
| time/                   |             |
|    fps                  | 111         |
|    iterations           | 118         |
|    time_elapsed         | 2161        |
|    total_timesteps      | 241664      |
| train/                  |             |
|    approx_kl            | 0.007504099 |
|    bc_kl                | 0.0141      |
|    clip_fraction        | 0.0489      |
|    clip_range           | 0.2         |
|    entropy_loss         | -0.197      |
|    explained_variance   | 0.253       |
|    learning_rate        | 0.0001      |
|    loss                 | -0.00333    |
|    n_updates            | 1170        |
|    policy_gradient_loss | -0.0134     |
|    value_loss           | 0.0252      |
-----------------------------------------
-----------------------------------------
| oracle/                 |             |
|    keep                 | 0.0252      |
| rollout/                |             |
|    ep_len_mean          | 46.6        |
|    ep_rew_mean          | -0.176      |
| time/                   |             |
|    fps                  | 111         |
|    iterations           | 119         |
|    time_elapsed         | 2178        |
|    total_timesteps      | 243712      |
| train/                  |             |
|    approx_kl            | 0.008903625 |
|    bc_kl                | 0.0167      |
|    clip_fraction        | 0.0639      |
|    clip_range           | 0.2         |
|    entropy_loss         | -0.213      |
|    explained_variance   | 0.0204      |
|    learning_rate        | 0.0001      |
|    loss                 | -0.00619    |
|    n_updates            | 1180        |
|    policy_gradient_loss | -0.0151     |
|    value_loss           | 0.0217      |
-----------------------------------------
-----------------------------------------
| oracle/                 |             |
|    keep                 | 0.017       |
| rollout/                |             |
|    ep_len_mean          | 47.6        |
|    ep_rew_mean          | -0.155      |
| time/                   |             |
|    fps                  | 112         |
|    iterations           | 120         |
|    time_elapsed         | 2193        |
|    total_timesteps      | 245760      |
| train/                  |             |
|    approx_kl            | 0.010935407 |
|    bc_kl                | 0.016       |
|    clip_fraction        | 0.0616      |
|    clip_range           | 0.2         |
|    entropy_loss         | -0.206      |
|    explained_variance   | 0.277       |
|    learning_rate        | 0.0001      |
|    loss                 | -0.00386    |
|    n_updates            | 1190        |
|    policy_gradient_loss | -0.0137     |
|    value_loss           | 0.0202      |
-----------------------------------------
-----------------------------------------
| oracle/                 |             |
|    keep                 | 0.00877     |
| rollout/                |             |
|    ep_len_mean          | 49          |
|    ep_rew_mean          | -0.119      |
| time/                   |             |
|    fps                  | 112         |
|    iterations           | 121         |
|    time_elapsed         | 2206        |
|    total_timesteps      | 247808      |
| train/                  |             |
|    approx_kl            | 0.007464554 |
|    bc_kl                | 0.0133      |
|    clip_fraction        | 0.0516      |
|    clip_range           | 0.2         |
|    entropy_loss         | -0.201      |
|    explained_variance   | 0.0777      |
|    learning_rate        | 0.0001      |
|    loss                 | -0.00234    |
|    n_updates            | 1200        |
|    policy_gradient_loss | -0.0104     |
|    value_loss           | 0.0231      |
-----------------------------------------
-----------------------------------------
| oracle/                 |             |
|    keep                 | 0.000576    |
| rollout/                |             |
|    ep_len_mean          | 49          |
|    ep_rew_mean          | -0.0932     |
| time/                   |             |
|    fps                  | 112         |
|    iterations           | 122         |
|    time_elapsed         | 2220        |
|    total_timesteps      | 249856      |
| train/                  |             |
|    approx_kl            | 0.007980062 |
|    bc_kl                | 0.0143      |
|    clip_fraction        | 0.0547      |
|    clip_range           | 0.2         |
|    entropy_loss         | -0.208      |
|    explained_variance   | 0.174       |
|    learning_rate        | 0.0001      |
|    loss                 | -0.00468    |
|    n_updates            | 1210        |
|    policy_gradient_loss | -0.0124     |
|    value_loss           | 0.0187      |
-----------------------------------------
------------------------------------------
| oracle/                 |              |
|    keep                 | 0            |
| rollout/                |              |
|    ep_len_mean          | 45.6         |
|    ep_rew_mean          | -0.11        |
| time/                   |              |
|    fps                  | 112          |
|    iterations           | 123          |
|    time_elapsed         | 2234         |
|    total_timesteps      | 251904       |
| train/                  |              |
|    approx_kl            | 0.0070459098 |
|    bc_kl                | 0.0132       |
|    clip_fraction        | 0.0511       |
|    clip_range           | 0.2          |
|    entropy_loss         | -0.198       |
|    explained_variance   | 0.371        |
|    learning_rate        | 0.0001       |
|    loss                 | -0.00459     |
|    n_updates            | 1220         |
|    policy_gradient_loss | -0.0125      |
|    value_loss           | 0.0314       |
------------------------------------------
------------------------------------------
| oracle/                 |              |
|    keep                 | 0            |
| rollout/                |              |
|    ep_len_mean          | 46.1         |
|    ep_rew_mean          | -0.11        |
| time/                   |              |
|    fps                  | 112          |
|    iterations           | 124          |
|    time_elapsed         | 2248         |
|    total_timesteps      | 253952       |
| train/                  |              |
|    approx_kl            | 0.0010835029 |
|    bc_kl                | 0.0131       |
|    clip_fraction        | 0.00591      |
|    clip_range           | 0.2          |
|    entropy_loss         | -0.199       |
|    explained_variance   | 0.271        |
|    learning_rate        | 1e-05        |
|    loss                 | 0.0153       |
|    n_updates            | 1230         |
|    policy_gradient_loss | -0.00498     |
|    value_loss           | 0.0451       |
------------------------------------------
------------------------------------------
| oracle/                 |              |
|    keep                 | 0            |
| rollout/                |              |
|    ep_len_mean          | 48           |
|    ep_rew_mean          | -0.145       |
| time/                   |              |
|    fps                  | 113          |
|    iterations           | 125          |
|    time_elapsed         | 2262         |
|    total_timesteps      | 256000       |
| train/                  |              |
|    approx_kl            | 0.0013968872 |
|    bc_kl                | 0.0138       |
|    clip_fraction        | 0.00928      |
|    clip_range           | 0.2          |
|    entropy_loss         | -0.191       |
|    explained_variance   | 0.336        |
|    learning_rate        | 1e-05        |
|    loss                 | 0.0218       |
|    n_updates            | 1240         |
|    policy_gradient_loss | -0.00507     |
|    value_loss           | 0.045        |
------------------------------------------
-----------------------------------------
| oracle/                 |             |
|    keep                 | 0           |
| rollout/                |             |
|    ep_len_mean          | 48.1        |
|    ep_rew_mean          | -0.149      |
| time/                   |             |
|    fps                  | 113         |
|    iterations           | 126         |
|    time_elapsed         | 2278        |
|    total_timesteps      | 258048      |
| train/                  |             |
|    approx_kl            | 0.001048893 |
|    bc_kl                | 0.0138      |
|    clip_fraction        | 0.00693     |
|    clip_range           | 0.2         |
|    entropy_loss         | -0.187      |
|    explained_variance   | 0.5         |
|    learning_rate        | 1e-05       |
|    loss                 | 0.00754     |
|    n_updates            | 1250        |
|    policy_gradient_loss | -0.00523    |
|    value_loss           | 0.0203      |
-----------------------------------------
-------------------------------------------
| oracle/                 |               |
|    keep                 | 0             |
| rollout/                |               |
|    ep_len_mean          | 45            |
|    ep_rew_mean          | -0.154        |
| time/                   |               |
|    fps                  | 112           |
|    iterations           | 127           |
|    time_elapsed         | 2308          |
|    total_timesteps      | 260096        |
| train/                  |               |
|    approx_kl            | 0.00082074234 |
|    bc_kl                | 0.015         |
|    clip_fraction        | 0.00361       |
|    clip_range           | 0.2           |
|    entropy_loss         | -0.197        |
|    explained_variance   | 0.249         |
|    learning_rate        | 1e-05         |
|    loss                 | 0.008         |
|    n_updates            | 1260          |
|    policy_gradient_loss | -0.00428      |
|    value_loss           | 0.0262        |
-------------------------------------------
------------------------------------------
| oracle/                 |              |
|    keep                 | 0            |
| rollout/                |              |
|    ep_len_mean          | 43.4         |
|    ep_rew_mean          | -0.117       |
| time/                   |              |
|    fps                  | 112          |
|    iterations           | 128          |
|    time_elapsed         | 2330         |
|    total_timesteps      | 262144       |
| train/                  |              |
|    approx_kl            | 0.0009796261 |
|    bc_kl                | 0.0136       |
|    clip_fraction        | 0.00718      |
|    clip_range           | 0.2          |
|    entropy_loss         | -0.174       |
|    explained_variance   | 0.393        |
|    learning_rate        | 1e-05        |
|    loss                 | 0.0188       |
|    n_updates            | 1270         |
|    policy_gradient_loss | -0.00406     |
|    value_loss           | 0.0422       |
------------------------------------------
------------------------------------------
| oracle/                 |              |
|    keep                 | 0            |
| rollout/                |              |
|    ep_len_mean          | 44.1         |
|    ep_rew_mean          | -0.155       |
| time/                   |              |
|    fps                  | 112          |
|    iterations           | 129          |
|    time_elapsed         | 2343         |
|    total_timesteps      | 264192       |
| train/                  |              |
|    approx_kl            | 0.0012579777 |
|    bc_kl                | 0.0141       |
|    clip_fraction        | 0.0085       |
|    clip_range           | 0.2          |
|    entropy_loss         | -0.192       |
|    explained_variance   | 0.253        |
|    learning_rate        | 1e-05        |
|    loss                 | 0.0202       |
|    n_updates            | 1280         |
|    policy_gradient_loss | -0.00438     |
|    value_loss           | 0.0432       |
------------------------------------------
------------------------------------------
| oracle/                 |              |
|    keep                 | 0            |
| rollout/                |              |
|    ep_len_mean          | 46.1         |
|    ep_rew_mean          | -0.149       |
| time/                   |              |
|    fps                  | 113          |
|    iterations           | 130          |
|    time_elapsed         | 2356         |
|    total_timesteps      | 266240       |
| train/                  |              |
|    approx_kl            | 0.0014888734 |
|    bc_kl                | 0.0143       |
|    clip_fraction        | 0.00952      |
|    clip_range           | 0.2          |
|    entropy_loss         | -0.192       |
|    explained_variance   | 0.557        |
|    learning_rate        | 1e-05        |
|    loss                 | 0.00834      |
|    n_updates            | 1290         |
|    policy_gradient_loss | -0.00563     |
|    value_loss           | 0.0182       |
------------------------------------------
------------------------------------------
| oracle/                 |              |
|    keep                 | 0            |
| rollout/                |              |
|    ep_len_mean          | 48.2         |
|    ep_rew_mean          | -0.118       |
| time/                   |              |
|    fps                  | 113          |
|    iterations           | 131          |
|    time_elapsed         | 2368         |
|    total_timesteps      | 268288       |
| train/                  |              |
|    approx_kl            | 0.0010391424 |
|    bc_kl                | 0.0123       |
|    clip_fraction        | 0.00605      |
|    clip_range           | 0.2          |
|    entropy_loss         | -0.176       |
|    explained_variance   | 0.328        |
|    learning_rate        | 1e-05        |
|    loss                 | 0.00244      |
|    n_updates            | 1300         |
|    policy_gradient_loss | -0.00448     |
|    value_loss           | 0.0256       |
------------------------------------------
-----------------------------------------
| oracle/                 |             |
|    keep                 | 0           |
| rollout/                |             |
|    ep_len_mean          | 48.6        |
|    ep_rew_mean          | -0.123      |
| time/                   |             |
|    fps                  | 113         |
|    iterations           | 132         |
|    time_elapsed         | 2381        |
|    total_timesteps      | 270336      |
| train/                  |             |
|    approx_kl            | 0.001575118 |
|    bc_kl                | 0.0132      |
|    clip_fraction        | 0.0114      |
|    clip_range           | 0.2         |
|    entropy_loss         | -0.182      |
|    explained_variance   | 0.453       |
|    learning_rate        | 1e-05       |
|    loss                 | 0.00574     |
|    n_updates            | 1310        |
|    policy_gradient_loss | -0.00517    |
|    value_loss           | 0.0347      |
-----------------------------------------
------------------------------------------
| oracle/                 |              |
|    keep                 | 0            |
| rollout/                |              |
|    ep_len_mean          | 48.9         |
|    ep_rew_mean          | -0.0925      |
| time/                   |              |
|    fps                  | 113          |
|    iterations           | 133          |
|    time_elapsed         | 2395         |
|    total_timesteps      | 272384       |
| train/                  |              |
|    approx_kl            | 0.0014491404 |
|    bc_kl                | 0.0138       |
|    clip_fraction        | 0.00713      |
|    clip_range           | 0.2          |
|    entropy_loss         | -0.189       |
|    explained_variance   | 0.418        |
|    learning_rate        | 1e-05        |
|    loss                 | 0.0168       |
|    n_updates            | 1320         |
|    policy_gradient_loss | -0.00403     |
|    value_loss           | 0.0388       |
------------------------------------------
------------------------------------------
| oracle/                 |              |
|    keep                 | 0            |
| rollout/                |              |
|    ep_len_mean          | 49           |
|    ep_rew_mean          | -0.127       |
| time/                   |              |
|    fps                  | 113          |
|    iterations           | 134          |
|    time_elapsed         | 2409         |
|    total_timesteps      | 274432       |
| train/                  |              |
|    approx_kl            | 0.0012770868 |
|    bc_kl                | 0.0141       |
|    clip_fraction        | 0.00718      |
|    clip_range           | 0.2          |
|    entropy_loss         | -0.175       |
|    explained_variance   | 0.475        |
|    learning_rate        | 1e-05        |
|    loss                 | 0.00632      |
|    n_updates            | 1330         |
|    policy_gradient_loss | -0.00513     |
|    value_loss           | 0.0294       |
------------------------------------------
------------------------------------------
| oracle/                 |              |
|    keep                 | 0            |
| rollout/                |              |
|    ep_len_mean          | 45.2         |
|    ep_rew_mean          | -0.168       |
| time/                   |              |
|    fps                  | 114          |
|    iterations           | 135          |
|    time_elapsed         | 2423         |
|    total_timesteps      | 276480       |
| train/                  |              |
|    approx_kl            | 0.0010379413 |
|    bc_kl                | 0.0117       |
|    clip_fraction        | 0.00791      |
|    clip_range           | 0.2          |
|    entropy_loss         | -0.186       |
|    explained_variance   | 0.0957       |
|    learning_rate        | 1e-05        |
|    loss                 | 0.00627      |
|    n_updates            | 1340         |
|    policy_gradient_loss | -0.00433     |
|    value_loss           | 0.0208       |
------------------------------------------
------------------------------------------
| oracle/                 |              |
|    keep                 | 0            |
| rollout/                |              |
|    ep_len_mean          | 46.3         |
|    ep_rew_mean          | -0.166       |
| time/                   |              |
|    fps                  | 114          |
|    iterations           | 136          |
|    time_elapsed         | 2437         |
|    total_timesteps      | 278528       |
| train/                  |              |
|    approx_kl            | 0.0010857675 |
|    bc_kl                | 0.0148       |
|    clip_fraction        | 0.0063       |
|    clip_range           | 0.2          |
|    entropy_loss         | -0.188       |
|    explained_variance   | 0.334        |
|    learning_rate        | 1e-05        |
|    loss                 | 0.0238       |
|    n_updates            | 1350         |
|    policy_gradient_loss | -0.00394     |
|    value_loss           | 0.0471       |
------------------------------------------
-------------------------------------------
| oracle/                 |               |
|    keep                 | 0             |
| rollout/                |               |
|    ep_len_mean          | 46.7          |
|    ep_rew_mean          | -0.15         |
| time/                   |               |
|    fps                  | 114           |
|    iterations           | 137           |
|    time_elapsed         | 2455          |
|    total_timesteps      | 280576        |
| train/                  |               |
|    approx_kl            | 0.00093154504 |
|    bc_kl                | 0.0127        |
|    clip_fraction        | 0.00483       |
|    clip_range           | 0.2           |
|    entropy_loss         | -0.179        |
|    explained_variance   | 0.157         |
|    learning_rate        | 1e-05         |
|    loss                 | 0.0106        |
|    n_updates            | 1360          |
|    policy_gradient_loss | -0.0036       |
|    value_loss           | 0.0348        |
-------------------------------------------
-----------------------------------------
| oracle/                 |             |
|    keep                 | 0           |
| rollout/                |             |
|    ep_len_mean          | 47.1        |
|    ep_rew_mean          | -0.0826     |
| time/                   |             |
|    fps                  | 114         |
|    iterations           | 138         |
|    time_elapsed         | 2477        |
|    total_timesteps      | 282624      |
| train/                  |             |
|    approx_kl            | 0.001458818 |
|    bc_kl                | 0.0118      |
|    clip_fraction        | 0.00859     |
|    clip_range           | 0.2         |
|    entropy_loss         | -0.167      |
|    explained_variance   | 0.377       |
|    learning_rate        | 1e-05       |
|    loss                 | 0.0156      |
|    n_updates            | 1370        |
|    policy_gradient_loss | -0.0036     |
|    value_loss           | 0.0367      |
-----------------------------------------
------------------------------------------
| oracle/                 |              |
|    keep                 | 0            |
| rollout/                |              |
|    ep_len_mean          | 49.2         |
|    ep_rew_mean          | -0.138       |
| time/                   |              |
|    fps                  | 113          |
|    iterations           | 139          |
|    time_elapsed         | 2501         |
|    total_timesteps      | 284672       |
| train/                  |              |
|    approx_kl            | 0.0012946662 |
|    bc_kl                | 0.0115       |
|    clip_fraction        | 0.00684      |
|    clip_range           | 0.2          |
|    entropy_loss         | -0.179       |
|    explained_variance   | 0.169        |
|    learning_rate        | 1e-05        |
|    loss                 | 0.0138       |
|    n_updates            | 1380         |
|    policy_gradient_loss | -0.00443     |
|    value_loss           | 0.0361       |
------------------------------------------
-----------------------------------------
| oracle/                 |             |
|    keep                 | 0           |
| rollout/                |             |
|    ep_len_mean          | 48          |
|    ep_rew_mean          | -0.165      |
| time/                   |             |
|    fps                  | 113         |
|    iterations           | 140         |
|    time_elapsed         | 2531        |
|    total_timesteps      | 286720      |
| train/                  |             |
|    approx_kl            | 0.001125554 |
|    bc_kl                | 0.0113      |
|    clip_fraction        | 0.00547     |
|    clip_range           | 0.2         |
|    entropy_loss         | -0.169      |
|    explained_variance   | 0.213       |
|    learning_rate        | 1e-05       |
|    loss                 | 0.00704     |
|    n_updates            | 1390        |
|    policy_gradient_loss | -0.00438    |
|    value_loss           | 0.0197      |
-----------------------------------------
------------------------------------------
| oracle/                 |              |
|    keep                 | 0            |
| rollout/                |              |
|    ep_len_mean          | 45.3         |
|    ep_rew_mean          | -0.123       |
| time/                   |              |
|    fps                  | 113          |
|    iterations           | 141          |
|    time_elapsed         | 2555         |
|    total_timesteps      | 288768       |
| train/                  |              |
|    approx_kl            | 0.0014105258 |
|    bc_kl                | 0.013        |
|    clip_fraction        | 0.00698      |
|    clip_range           | 0.2          |
|    entropy_loss         | -0.175       |
|    explained_variance   | 0.406        |
|    learning_rate        | 1e-05        |
|    loss                 | 0.00841      |
|    n_updates            | 1400         |
|    policy_gradient_loss | -0.0047      |
|    value_loss           | 0.0272       |
------------------------------------------
------------------------------------------
| oracle/                 |              |
|    keep                 | 0            |
| rollout/                |              |
|    ep_len_mean          | 44           |
|    ep_rew_mean          | -0.118       |
| time/                   |              |
|    fps                  | 112          |
|    iterations           | 142          |
|    time_elapsed         | 2575         |
|    total_timesteps      | 290816       |
| train/                  |              |
|    approx_kl            | 0.0010993085 |
|    bc_kl                | 0.0127       |
|    clip_fraction        | 0.00625      |
|    clip_range           | 0.2          |
|    entropy_loss         | -0.182       |
|    explained_variance   | 0.328        |
|    learning_rate        | 1e-05        |
|    loss                 | 0.0229       |
|    n_updates            | 1410         |
|    policy_gradient_loss | -0.0035      |
|    value_loss           | 0.0517       |
------------------------------------------
-----------------------------------------
| oracle/                 |             |
|    keep                 | 0           |
| rollout/                |             |
|    ep_len_mean          | 45.5        |
|    ep_rew_mean          | -0.136      |
| time/                   |             |
|    fps                  | 112         |
|    iterations           | 143         |
|    time_elapsed         | 2598        |
|    total_timesteps      | 292864      |
| train/                  |             |
|    approx_kl            | 0.001257931 |
|    bc_kl                | 0.012       |
|    clip_fraction        | 0.0108      |
|    clip_range           | 0.2         |
|    entropy_loss         | -0.181      |
|    explained_variance   | 0.698       |
|    learning_rate        | 1e-05       |
|    loss                 | 0.00676     |
|    n_updates            | 1420        |
|    policy_gradient_loss | -0.0051     |
|    value_loss           | 0.0194      |
-----------------------------------------
------------------------------------------
| oracle/                 |              |
|    keep                 | 0            |
| rollout/                |              |
|    ep_len_mean          | 46.2         |
|    ep_rew_mean          | -0.124       |
| time/                   |              |
|    fps                  | 112          |
|    iterations           | 144          |
|    time_elapsed         | 2621         |
|    total_timesteps      | 294912       |
| train/                  |              |
|    approx_kl            | 0.0011937547 |
|    bc_kl                | 0.0123       |
|    clip_fraction        | 0.0061       |
|    clip_range           | 0.2          |
|    entropy_loss         | -0.181       |
|    explained_variance   | 0.303        |
|    learning_rate        | 1e-05        |
|    loss                 | 0.0164       |
|    n_updates            | 1430         |
|    policy_gradient_loss | -0.0046      |
|    value_loss           | 0.03         |
------------------------------------------
------------------------------------------
| oracle/                 |              |
|    keep                 | 0            |
| rollout/                |              |
|    ep_len_mean          | 45.9         |
|    ep_rew_mean          | -0.179       |
| time/                   |              |
|    fps                  | 112          |
|    iterations           | 145          |
|    time_elapsed         | 2645         |
|    total_timesteps      | 296960       |
| train/                  |              |
|    approx_kl            | 0.0013995762 |
|    bc_kl                | 0.0132       |
|    clip_fraction        | 0.00708      |
|    clip_range           | 0.2          |
|    entropy_loss         | -0.18        |
|    explained_variance   | 0.466        |
|    learning_rate        | 1e-05        |
|    loss                 | 0.00717      |
|    n_updates            | 1440         |
|    policy_gradient_loss | -0.00512     |
|    value_loss           | 0.0261       |
------------------------------------------
-----------------------------------------
| oracle/                 |             |
|    keep                 | 0           |
| rollout/                |             |
|    ep_len_mean          | 46.4        |
|    ep_rew_mean          | -0.198      |
| time/                   |             |
|    fps                  | 112         |
|    iterations           | 146         |
|    time_elapsed         | 2665        |
|    total_timesteps      | 299008      |
| train/                  |             |
|    approx_kl            | 0.000968729 |
|    bc_kl                | 0.0121      |
|    clip_fraction        | 0.00557     |
|    clip_range           | 0.2         |
|    entropy_loss         | -0.202      |
|    explained_variance   | -0.158      |
|    learning_rate        | 1e-05       |
|    loss                 | 0.00388     |
|    n_updates            | 1450        |
|    policy_gradient_loss | -0.00423    |
|    value_loss           | 0.0188      |
-----------------------------------------
------------------------------------------
| oracle/                 |              |
|    keep                 | 0            |
| rollout/                |              |
|    ep_len_mean          | 47.5         |
|    ep_rew_mean          | -0.202       |
| time/                   |              |
|    fps                  | 112          |
|    iterations           | 147          |
|    time_elapsed         | 2682         |
|    total_timesteps      | 301056       |
| train/                  |              |
|    approx_kl            | 0.0009225807 |
|    bc_kl                | 0.0107       |
|    clip_fraction        | 0.00469      |
|    clip_range           | 0.2          |
|    entropy_loss         | -0.178       |
|    explained_variance   | 0.165        |
|    learning_rate        | 1e-05        |
|    loss                 | 0.0142       |
|    n_updates            | 1460         |
|    policy_gradient_loss | -0.00304     |
|    value_loss           | 0.0317       |
------------------------------------------
------------------------------------------
| oracle/                 |              |
|    keep                 | 0            |
| rollout/                |              |
|    ep_len_mean          | 46.5         |
|    ep_rew_mean          | -0.219       |
| time/                   |              |
|    fps                  | 111          |
|    iterations           | 148          |
|    time_elapsed         | 2711         |
|    total_timesteps      | 303104       |
| train/                  |              |
|    approx_kl            | 0.0012346746 |
|    bc_kl                | 0.0124       |
|    clip_fraction        | 0.00732      |
|    clip_range           | 0.2          |
|    entropy_loss         | -0.187       |
|    explained_variance   | 0.666        |
|    learning_rate        | 1e-05        |
|    loss                 | 0.00829      |
|    n_updates            | 1470         |
|    policy_gradient_loss | -0.00469     |
|    value_loss           | 0.0204       |
------------------------------------------
------------------------------------------
| oracle/                 |              |
|    keep                 | 0            |
| rollout/                |              |
|    ep_len_mean          | 47.7         |
|    ep_rew_mean          | -0.214       |
| time/                   |              |
|    fps                  | 111          |
|    iterations           | 149          |
|    time_elapsed         | 2742         |
|    total_timesteps      | 305152       |
| train/                  |              |
|    approx_kl            | 0.0014603634 |
|    bc_kl                | 0.0132       |
|    clip_fraction        | 0.00757      |
|    clip_range           | 0.2          |
|    entropy_loss         | -0.186       |
|    explained_variance   | 0.0568       |
|    learning_rate        | 1e-05        |
|    loss                 | 0.0119       |
|    n_updates            | 1480         |
|    policy_gradient_loss | -0.00437     |
|    value_loss           | 0.0325       |
------------------------------------------
------------------------------------------
| oracle/                 |              |
|    keep                 | 0            |
| rollout/                |              |
|    ep_len_mean          | 48.2         |
|    ep_rew_mean          | -0.132       |
| time/                   |              |
|    fps                  | 110          |
|    iterations           | 150          |
|    time_elapsed         | 2782         |
|    total_timesteps      | 307200       |
| train/                  |              |
|    approx_kl            | 0.0010594684 |
|    bc_kl                | 0.0107       |
|    clip_fraction        | 0.00732      |
|    clip_range           | 0.2          |
|    entropy_loss         | -0.188       |
|    explained_variance   | 0.173        |
|    learning_rate        | 1e-05        |
|    loss                 | 0.00398      |
|    n_updates            | 1490         |
|    policy_gradient_loss | -0.00449     |
|    value_loss           | 0.0205       |
------------------------------------------
------------------------------------------
| oracle/                 |              |
|    keep                 | 0            |
| rollout/                |              |
|    ep_len_mean          | 46.7         |
|    ep_rew_mean          | -0.0867      |
| time/                   |              |
|    fps                  | 109          |
|    iterations           | 151          |
|    time_elapsed         | 2825         |
|    total_timesteps      | 309248       |
| train/                  |              |
|    approx_kl            | 0.0012051251 |
|    bc_kl                | 0.0155       |
|    clip_fraction        | 0.00527      |
|    clip_range           | 0.2          |
|    entropy_loss         | -0.184       |
|    explained_variance   | 0.133        |
|    learning_rate        | 1e-05        |
|    loss                 | 0.0159       |
|    n_updates            | 1500         |
|    policy_gradient_loss | -0.00337     |
|    value_loss           | 0.0396       |
------------------------------------------
------------------------------------------
| oracle/                 |              |
|    keep                 | 0            |
| rollout/                |              |
|    ep_len_mean          | 48.4         |
|    ep_rew_mean          | -0.116       |
| time/                   |              |
|    fps                  | 109          |
|    iterations           | 152          |
|    time_elapsed         | 2847         |
|    total_timesteps      | 311296       |
| train/                  |              |
|    approx_kl            | 0.0009351128 |
|    bc_kl                | 0.0109       |
|    clip_fraction        | 0.00474      |
|    clip_range           | 0.2          |
|    entropy_loss         | -0.172       |
|    explained_variance   | 0.155        |
|    learning_rate        | 1e-05        |
|    loss                 | 0.0138       |
|    n_updates            | 1510         |
|    policy_gradient_loss | -0.00347     |
|    value_loss           | 0.0419       |
------------------------------------------
------------------------------------------
| oracle/                 |              |
|    keep                 | 0            |
| rollout/                |              |
|    ep_len_mean          | 48.9         |
|    ep_rew_mean          | -0.136       |
| time/                   |              |
|    fps                  | 109          |
|    iterations           | 153          |
|    time_elapsed         | 2864         |
|    total_timesteps      | 313344       |
| train/                  |              |
|    approx_kl            | 0.0011667348 |
|    bc_kl                | 0.0127       |
|    clip_fraction        | 0.00728      |
|    clip_range           | 0.2          |
|    entropy_loss         | -0.187       |
|    explained_variance   | 0.239        |
|    learning_rate        | 1e-05        |
|    loss                 | 0.0111       |
|    n_updates            | 1520         |
|    policy_gradient_loss | -0.00387     |
|    value_loss           | 0.0278       |
------------------------------------------
------------------------------------------
| oracle/                 |              |
|    keep                 | 0            |
| rollout/                |              |
|    ep_len_mean          | 48.9         |
|    ep_rew_mean          | -0.107       |
| time/                   |              |
|    fps                  | 109          |
|    iterations           | 154          |
|    time_elapsed         | 2879         |
|    total_timesteps      | 315392       |
| train/                  |              |
|    approx_kl            | 0.0012085948 |
|    bc_kl                | 0.0103       |
|    clip_fraction        | 0.00635      |
|    clip_range           | 0.2          |
|    entropy_loss         | -0.177       |
|    explained_variance   | 0.436        |
|    learning_rate        | 1e-05        |
|    loss                 | 0.012        |
|    n_updates            | 1530         |
|    policy_gradient_loss | -0.00373     |
|    value_loss           | 0.0218       |
------------------------------------------
------------------------------------------
| oracle/                 |              |
|    keep                 | 0            |
| rollout/                |              |
|    ep_len_mean          | 49.1         |
|    ep_rew_mean          | -0.0881      |
| time/                   |              |
|    fps                  | 109          |
|    iterations           | 155          |
|    time_elapsed         | 2894         |
|    total_timesteps      | 317440       |
| train/                  |              |
|    approx_kl            | 0.0011058691 |
|    bc_kl                | 0.0128       |
|    clip_fraction        | 0.00493      |
|    clip_range           | 0.2          |
|    entropy_loss         | -0.192       |
|    explained_variance   | 0.11         |
|    learning_rate        | 1e-05        |
|    loss                 | 0.0154       |
|    n_updates            | 1540         |
|    policy_gradient_loss | -0.00393     |
|    value_loss           | 0.038        |
------------------------------------------
------------------------------------------
| oracle/                 |              |
|    keep                 | 0            |
| rollout/                |              |
|    ep_len_mean          | 47.2         |
|    ep_rew_mean          | -0.163       |
| time/                   |              |
|    fps                  | 109          |
|    iterations           | 156          |
|    time_elapsed         | 2910         |
|    total_timesteps      | 319488       |
| train/                  |              |
|    approx_kl            | 0.0010773021 |
|    bc_kl                | 0.0126       |
|    clip_fraction        | 0.00493      |
|    clip_range           | 0.2          |
|    entropy_loss         | -0.187       |
|    explained_variance   | 0.426        |
|    learning_rate        | 1e-05        |
|    loss                 | 0.0136       |
|    n_updates            | 1550         |
|    policy_gradient_loss | -0.00404     |
|    value_loss           | 0.0313       |
------------------------------------------
------------------------------------------
| oracle/                 |              |
|    keep                 | 0            |
| rollout/                |              |
|    ep_len_mean          | 45.2         |
|    ep_rew_mean          | -0.183       |
| time/                   |              |
|    fps                  | 109          |
|    iterations           | 157          |
|    time_elapsed         | 2926         |
|    total_timesteps      | 321536       |
| train/                  |              |
|    approx_kl            | 0.0008497536 |
|    bc_kl                | 0.011        |
|    clip_fraction        | 0.00708      |
|    clip_range           | 0.2          |
|    entropy_loss         | -0.174       |
|    explained_variance   | 0.282        |
|    learning_rate        | 1e-05        |
|    loss                 | 0.0189       |
|    n_updates            | 1560         |
|    policy_gradient_loss | -0.00404     |
|    value_loss           | 0.0358       |
------------------------------------------
------------------------------------------
| oracle/                 |              |
|    keep                 | 0            |
| rollout/                |              |
|    ep_len_mean          | 45.7         |
|    ep_rew_mean          | -0.189       |
| time/                   |              |
|    fps                  | 110          |
|    iterations           | 158          |
|    time_elapsed         | 2940         |
|    total_timesteps      | 323584       |
| train/                  |              |
|    approx_kl            | 0.0012576022 |
|    bc_kl                | 0.0116       |
|    clip_fraction        | 0.00991      |
|    clip_range           | 0.2          |
|    entropy_loss         | -0.183       |
|    explained_variance   | 0.598        |
|    learning_rate        | 1e-05        |
|    loss                 | 0.00634      |
|    n_updates            | 1570         |
|    policy_gradient_loss | -0.00522     |
|    value_loss           | 0.0177       |
------------------------------------------
------------------------------------------
| oracle/                 |              |
|    keep                 | 0            |
| rollout/                |              |
|    ep_len_mean          | 46.8         |
|    ep_rew_mean          | -0.196       |
| time/                   |              |
|    fps                  | 110          |
|    iterations           | 159          |
|    time_elapsed         | 2954         |
|    total_timesteps      | 325632       |
| train/                  |              |
|    approx_kl            | 0.0011510705 |
|    bc_kl                | 0.0144       |
|    clip_fraction        | 0.00776      |
|    clip_range           | 0.2          |
|    entropy_loss         | -0.19        |
|    explained_variance   | 0.0597       |
|    learning_rate        | 1e-05        |
|    loss                 | 0.00521      |
|    n_updates            | 1580         |
|    policy_gradient_loss | -0.00466     |
|    value_loss           | 0.0157       |
------------------------------------------
------------------------------------------
| oracle/                 |              |
|    keep                 | 0            |
| rollout/                |              |
|    ep_len_mean          | 47.6         |
|    ep_rew_mean          | -0.189       |
| time/                   |              |
|    fps                  | 110          |
|    iterations           | 160          |
|    time_elapsed         | 2970         |
|    total_timesteps      | 327680       |
| train/                  |              |
|    approx_kl            | 0.0009766232 |
|    bc_kl                | 0.0101       |
|    clip_fraction        | 0.00547      |
|    clip_range           | 0.2          |
|    entropy_loss         | -0.173       |
|    explained_variance   | 0.302        |
|    learning_rate        | 1e-05        |
|    loss                 | 0.00205      |
|    n_updates            | 1590         |
|    policy_gradient_loss | -0.00451     |
|    value_loss           | 0.0129       |
------------------------------------------
------------------------------------------
| oracle/                 |              |
|    keep                 | 0            |
| rollout/                |              |
|    ep_len_mean          | 47.6         |
|    ep_rew_mean          | -0.141       |
| time/                   |              |
|    fps                  | 110          |
|    iterations           | 161          |
|    time_elapsed         | 2987         |
|    total_timesteps      | 329728       |
| train/                  |              |
|    approx_kl            | 0.0010953443 |
|    bc_kl                | 0.0103       |
|    clip_fraction        | 0.00537      |
|    clip_range           | 0.2          |
|    entropy_loss         | -0.181       |
|    explained_variance   | 0.202        |
|    learning_rate        | 1e-05        |
|    loss                 | 0.00521      |
|    n_updates            | 1600         |
|    policy_gradient_loss | -0.00481     |
|    value_loss           | 0.0298       |
------------------------------------------
-----------------------------------------
| oracle/                 |             |
|    keep                 | 0           |
| rollout/                |             |
|    ep_len_mean          | 47.1        |
|    ep_rew_mean          | -0.0909     |
| time/                   |             |
|    fps                  | 110         |
|    iterations           | 162         |
|    time_elapsed         | 3014        |
|    total_timesteps      | 331776      |
| train/                  |             |
|    approx_kl            | 0.001154466 |
|    bc_kl                | 0.0116      |
|    clip_fraction        | 0.00684     |
|    clip_range           | 0.2         |
|    entropy_loss         | -0.185      |
|    explained_variance   | 0.131       |
|    learning_rate        | 1e-05       |
|    loss                 | 0.0184      |
|    n_updates            | 1610        |
|    policy_gradient_loss | -0.00345    |
|    value_loss           | 0.0504      |
-----------------------------------------
------------------------------------------
| oracle/                 |              |
|    keep                 | 0            |
| rollout/                |              |
|    ep_len_mean          | 44.9         |
|    ep_rew_mean          | -0.104       |
| time/                   |              |
|    fps                  | 108          |
|    iterations           | 163          |
|    time_elapsed         | 3066         |
|    total_timesteps      | 333824       |
| train/                  |              |
|    approx_kl            | 0.0015712061 |
|    bc_kl                | 0.0107       |
|    clip_fraction        | 0.00928      |
|    clip_range           | 0.2          |
|    entropy_loss         | -0.174       |
|    explained_variance   | 0.283        |
|    learning_rate        | 1e-05        |
|    loss                 | 0.00856      |
|    n_updates            | 1620         |
|    policy_gradient_loss | -0.00445     |
|    value_loss           | 0.0316       |
------------------------------------------
------------------------------------------
| oracle/                 |              |
|    keep                 | 0            |
| rollout/                |              |
|    ep_len_mean          | 46           |
|    ep_rew_mean          | -0.132       |
| time/                   |              |
|    fps                  | 108          |
|    iterations           | 164          |
|    time_elapsed         | 3099         |
|    total_timesteps      | 335872       |
| train/                  |              |
|    approx_kl            | 0.0010617473 |
|    bc_kl                | 0.0111       |
|    clip_fraction        | 0.0114       |
|    clip_range           | 0.2          |
|    entropy_loss         | -0.173       |
|    explained_variance   | 0.367        |
|    learning_rate        | 1e-05        |
|    loss                 | 0.0106       |
|    n_updates            | 1630         |
|    policy_gradient_loss | -0.00455     |
|    value_loss           | 0.0327       |
------------------------------------------
------------------------------------------
| oracle/                 |              |
|    keep                 | 0            |
| rollout/                |              |
|    ep_len_mean          | 47.2         |
|    ep_rew_mean          | -0.137       |
| time/                   |              |
|    fps                  | 108          |
|    iterations           | 165          |
|    time_elapsed         | 3124         |
|    total_timesteps      | 337920       |
| train/                  |              |
|    approx_kl            | 0.0010886448 |
|    bc_kl                | 0.0128       |
|    clip_fraction        | 0.00557      |
|    clip_range           | 0.2          |
|    entropy_loss         | -0.167       |
|    explained_variance   | 0.416        |
|    learning_rate        | 1e-05        |
|    loss                 | 0.00965      |
|    n_updates            | 1640         |
|    policy_gradient_loss | -0.00516     |
|    value_loss           | 0.0368       |
------------------------------------------
------------------------------------------
| oracle/                 |              |
|    keep                 | 0            |
| rollout/                |              |
|    ep_len_mean          | 46.5         |
|    ep_rew_mean          | -0.133       |
| time/                   |              |
|    fps                  | 107          |
|    iterations           | 166          |
|    time_elapsed         | 3148         |
|    total_timesteps      | 339968       |
| train/                  |              |
|    approx_kl            | 0.0009047694 |
|    bc_kl                | 0.0112       |
|    clip_fraction        | 0.00444      |
|    clip_range           | 0.2          |
|    entropy_loss         | -0.171       |
|    explained_variance   | 0.364        |
|    learning_rate        | 1e-05        |
|    loss                 | 0.00855      |
|    n_updates            | 1650         |
|    policy_gradient_loss | -0.00446     |
|    value_loss           | 0.0237       |
------------------------------------------
------------------------------------------
| oracle/                 |              |
|    keep                 | 0            |
| rollout/                |              |
|    ep_len_mean          | 47.5         |
|    ep_rew_mean          | -0.161       |
| time/                   |              |
|    fps                  | 107          |
|    iterations           | 167          |
|    time_elapsed         | 3180         |
|    total_timesteps      | 342016       |
| train/                  |              |
|    approx_kl            | 0.0010857638 |
|    bc_kl                | 0.0126       |
|    clip_fraction        | 0.00562      |
|    clip_range           | 0.2          |
|    entropy_loss         | -0.174       |
|    explained_variance   | 0.591        |
|    learning_rate        | 1e-05        |
|    loss                 | 0.0113       |
|    n_updates            | 1660         |
|    policy_gradient_loss | -0.00418     |
|    value_loss           | 0.0265       |
------------------------------------------
------------------------------------------
| oracle/                 |              |
|    keep                 | 0            |
| rollout/                |              |
|    ep_len_mean          | 47.7         |
|    ep_rew_mean          | -0.188       |
| time/                   |              |
|    fps                  | 106          |
|    iterations           | 168          |
|    time_elapsed         | 3230         |
|    total_timesteps      | 344064       |
| train/                  |              |
|    approx_kl            | 0.0010969383 |
|    bc_kl                | 0.0116       |
|    clip_fraction        | 0.00522      |
|    clip_range           | 0.2          |
|    entropy_loss         | -0.184       |
|    explained_variance   | 0.115        |
|    learning_rate        | 1e-05        |
|    loss                 | 0.0135       |
|    n_updates            | 1670         |
|    policy_gradient_loss | -0.00439     |
|    value_loss           | 0.0274       |
------------------------------------------
------------------------------------------
| oracle/                 |              |
|    keep                 | 0            |
| rollout/                |              |
|    ep_len_mean          | 48.2         |
|    ep_rew_mean          | -0.173       |
| time/                   |              |
|    fps                  | 105          |
|    iterations           | 169          |
|    time_elapsed         | 3293         |
|    total_timesteps      | 346112       |
| train/                  |              |
|    approx_kl            | 0.0009895277 |
|    bc_kl                | 0.0117       |
|    clip_fraction        | 0.00479      |
|    clip_range           | 0.2          |
|    entropy_loss         | -0.18        |
|    explained_variance   | 0.28         |
|    learning_rate        | 1e-05        |
|    loss                 | 0.00656      |
|    n_updates            | 1680         |
|    policy_gradient_loss | -0.00486     |
|    value_loss           | 0.0252       |
------------------------------------------
------------------------------------------
| oracle/                 |              |
|    keep                 | 0            |
| rollout/                |              |
|    ep_len_mean          | 46.7         |
|    ep_rew_mean          | -0.162       |
| time/                   |              |
|    fps                  | 103          |
|    iterations           | 170          |
|    time_elapsed         | 3359         |
|    total_timesteps      | 348160       |
| train/                  |              |
|    approx_kl            | 0.0012914122 |
|    bc_kl                | 0.0126       |
|    clip_fraction        | 0.00737      |
|    clip_range           | 0.2          |
|    entropy_loss         | -0.183       |
|    explained_variance   | 0.122        |
|    learning_rate        | 1e-05        |
|    loss                 | 0.0182       |
|    n_updates            | 1690         |
|    policy_gradient_loss | -0.00322     |
|    value_loss           | 0.0407       |
------------------------------------------
------------------------------------------
| oracle/                 |              |
|    keep                 | 0            |
| rollout/                |              |
|    ep_len_mean          | 46           |
|    ep_rew_mean          | -0.141       |
| time/                   |              |
|    fps                  | 102          |
|    iterations           | 171          |
|    time_elapsed         | 3405         |
|    total_timesteps      | 350208       |
| train/                  |              |
|    approx_kl            | 0.0006252213 |
|    bc_kl                | 0.011        |
|    clip_fraction        | 0.00264      |
|    clip_range           | 0.2          |
|    entropy_loss         | -0.178       |
|    explained_variance   | 0.468        |
|    learning_rate        | 1e-05        |
|    loss                 | 0.0162       |
|    n_updates            | 1700         |
|    policy_gradient_loss | -0.00327     |
|    value_loss           | 0.0396       |
------------------------------------------
------------------------------------------
| oracle/                 |              |
|    keep                 | 0            |
| rollout/                |              |
|    ep_len_mean          | 44.7         |
|    ep_rew_mean          | -0.125       |
| time/                   |              |
|    fps                  | 102          |
|    iterations           | 172          |
|    time_elapsed         | 3436         |
|    total_timesteps      | 352256       |
| train/                  |              |
|    approx_kl            | 0.0013285943 |
|    bc_kl                | 0.0117       |
|    clip_fraction        | 0.00801      |
|    clip_range           | 0.2          |
|    entropy_loss         | -0.185       |
|    explained_variance   | 0.237        |
|    learning_rate        | 1e-05        |
|    loss                 | 0.0223       |
|    n_updates            | 1710         |
|    policy_gradient_loss | -0.00376     |
|    value_loss           | 0.0433       |
------------------------------------------
------------------------------------------
| oracle/                 |              |
|    keep                 | 0            |
| rollout/                |              |
|    ep_len_mean          | 44.3         |
|    ep_rew_mean          | -0.126       |
| time/                   |              |
|    fps                  | 102          |
|    iterations           | 173          |
|    time_elapsed         | 3467         |
|    total_timesteps      | 354304       |
| train/                  |              |
|    approx_kl            | 0.0011183657 |
|    bc_kl                | 0.0129       |
|    clip_fraction        | 0.00591      |
|    clip_range           | 0.2          |
|    entropy_loss         | -0.18        |
|    explained_variance   | 0.319        |
|    learning_rate        | 1e-05        |
|    loss                 | 0.00753      |
|    n_updates            | 1720         |
|    policy_gradient_loss | -0.00425     |
|    value_loss           | 0.0202       |
------------------------------------------
-------------------------------------------
| oracle/                 |               |
|    keep                 | 0             |
| rollout/                |               |
|    ep_len_mean          | 44.7          |
|    ep_rew_mean          | -0.0999       |
| time/                   |               |
|    fps                  | 102           |
|    iterations           | 174           |
|    time_elapsed         | 3490          |
|    total_timesteps      | 356352        |
| train/                  |               |
|    approx_kl            | 0.00093177514 |
|    bc_kl                | 0.0115        |
|    clip_fraction        | 0.00562       |
|    clip_range           | 0.2           |
|    entropy_loss         | -0.158        |
|    explained_variance   | 0.48          |
|    learning_rate        | 1e-05         |
|    loss                 | 0.0173        |
|    n_updates            | 1730          |
|    policy_gradient_loss | -0.00354      |
|    value_loss           | 0.0444        |
-------------------------------------------
------------------------------------------
| oracle/                 |              |
|    keep                 | 0            |
| rollout/                |              |
|    ep_len_mean          | 45.2         |
|    ep_rew_mean          | -0.123       |
| time/                   |              |
|    fps                  | 102          |
|    iterations           | 175          |
|    time_elapsed         | 3507         |
|    total_timesteps      | 358400       |
| train/                  |              |
|    approx_kl            | 0.0008578998 |
|    bc_kl                | 0.0114       |
|    clip_fraction        | 0.00459      |
|    clip_range           | 0.2          |
|    entropy_loss         | -0.172       |
|    explained_variance   | 0.456        |
|    learning_rate        | 1e-05        |
|    loss                 | 0.0191       |
|    n_updates            | 1740         |
|    policy_gradient_loss | -0.00362     |
|    value_loss           | 0.0466       |
------------------------------------------
------------------------------------------
| oracle/                 |              |
|    keep                 | 0            |
| rollout/                |              |
|    ep_len_mean          | 45           |
|    ep_rew_mean          | -0.12        |
| time/                   |              |
|    fps                  | 102          |
|    iterations           | 176          |
|    time_elapsed         | 3523         |
|    total_timesteps      | 360448       |
| train/                  |              |
|    approx_kl            | 0.0010640752 |
|    bc_kl                | 0.0112       |
|    clip_fraction        | 0.00542      |
|    clip_range           | 0.2          |
|    entropy_loss         | -0.176       |
|    explained_variance   | 0.268        |
|    learning_rate        | 1e-05        |
|    loss                 | 0.0203       |
|    n_updates            | 1750         |
|    policy_gradient_loss | -0.00384     |
|    value_loss           | 0.0423       |
------------------------------------------
------------------------------------------
| oracle/                 |              |
|    keep                 | 0            |
| rollout/                |              |
|    ep_len_mean          | 45.9         |
|    ep_rew_mean          | -0.166       |
| time/                   |              |
|    fps                  | 102          |
|    iterations           | 177          |
|    time_elapsed         | 3538         |
|    total_timesteps      | 362496       |
| train/                  |              |
|    approx_kl            | 0.0009802643 |
|    bc_kl                | 0.0108       |
|    clip_fraction        | 0.00571      |
|    clip_range           | 0.2          |
|    entropy_loss         | -0.183       |
|    explained_variance   | 0.0184       |
|    learning_rate        | 1e-05        |
|    loss                 | 0.00169      |
|    n_updates            | 1760         |
|    policy_gradient_loss | -0.00352     |
|    value_loss           | 0.0191       |
------------------------------------------
------------------------------------------
| oracle/                 |              |
|    keep                 | 0            |
| rollout/                |              |
|    ep_len_mean          | 45.3         |
|    ep_rew_mean          | -0.135       |
| time/                   |              |
|    fps                  | 102          |
|    iterations           | 178          |
|    time_elapsed         | 3555         |
|    total_timesteps      | 364544       |
| train/                  |              |
|    approx_kl            | 0.0010116275 |
|    bc_kl                | 0.0112       |
|    clip_fraction        | 0.00605      |
|    clip_range           | 0.2          |
|    entropy_loss         | -0.18        |
|    explained_variance   | 0.391        |
|    learning_rate        | 1e-05        |
|    loss                 | 0.00176      |
|    n_updates            | 1770         |
|    policy_gradient_loss | -0.00407     |
|    value_loss           | 0.014        |
------------------------------------------
------------------------------------------
| oracle/                 |              |
|    keep                 | 0            |
| rollout/                |              |
|    ep_len_mean          | 45.1         |
|    ep_rew_mean          | -0.0972      |
| time/                   |              |
|    fps                  | 102          |
|    iterations           | 179          |
|    time_elapsed         | 3573         |
|    total_timesteps      | 366592       |
| train/                  |              |
|    approx_kl            | 0.0007721357 |
|    bc_kl                | 0.0107       |
|    clip_fraction        | 0.00298      |
|    clip_range           | 0.2          |
|    entropy_loss         | -0.18        |
|    explained_variance   | 0.598        |
|    learning_rate        | 1e-05        |
|    loss                 | 0.0117       |
|    n_updates            | 1780         |
|    policy_gradient_loss | -0.00366     |
|    value_loss           | 0.0384       |
------------------------------------------
------------------------------------------
| oracle/                 |              |
|    keep                 | 0            |
| rollout/                |              |
|    ep_len_mean          | 47.1         |
|    ep_rew_mean          | -0.0887      |
| time/                   |              |
|    fps                  | 102          |
|    iterations           | 180          |
|    time_elapsed         | 3604         |
|    total_timesteps      | 368640       |
| train/                  |              |
|    approx_kl            | 0.0015059832 |
|    bc_kl                | 0.0107       |
|    clip_fraction        | 0.00781      |
|    clip_range           | 0.2          |
|    entropy_loss         | -0.177       |
|    explained_variance   | 0.559        |
|    learning_rate        | 1e-05        |
|    loss                 | 0.00415      |
|    n_updates            | 1790         |
|    policy_gradient_loss | -0.00468     |
|    value_loss           | 0.0227       |
------------------------------------------
-----------------------------------------
| oracle/                 |             |
|    keep                 | 0           |
| rollout/                |             |
|    ep_len_mean          | 45.5        |
|    ep_rew_mean          | -0.122      |
| time/                   |             |
|    fps                  | 100         |
|    iterations           | 181         |
|    time_elapsed         | 3676        |
|    total_timesteps      | 370688      |
| train/                  |             |
|    approx_kl            | 0.001019421 |
|    bc_kl                | 0.0122      |
|    clip_fraction        | 0.00469     |
|    clip_range           | 0.2         |
|    entropy_loss         | -0.177      |
|    explained_variance   | 0.506       |
|    learning_rate        | 1e-05       |
|    loss                 | 0.0157      |
|    n_updates            | 1800        |
|    policy_gradient_loss | -0.00366    |
|    value_loss           | 0.049       |
-----------------------------------------
------------------------------------------
| oracle/                 |              |
|    keep                 | 0            |
| rollout/                |              |
|    ep_len_mean          | 48.1         |
|    ep_rew_mean          | -0.133       |
| time/                   |              |
|    fps                  | 100          |
|    iterations           | 182          |
|    time_elapsed         | 3713         |
|    total_timesteps      | 372736       |
| train/                  |              |
|    approx_kl            | 0.0010125623 |
|    bc_kl                | 0.013        |
|    clip_fraction        | 0.00513      |
|    clip_range           | 0.2          |
|    entropy_loss         | -0.181       |
|    explained_variance   | 0.16         |
|    learning_rate        | 1e-05        |
|    loss                 | 0.0216       |
|    n_updates            | 1810         |
|    policy_gradient_loss | -0.00402     |
|    value_loss           | 0.0412       |
------------------------------------------
------------------------------------------
| oracle/                 |              |
|    keep                 | 0            |
| rollout/                |              |
|    ep_len_mean          | 49.4         |
|    ep_rew_mean          | -0.114       |
| time/                   |              |
|    fps                  | 100          |
|    iterations           | 183          |
|    time_elapsed         | 3733         |
|    total_timesteps      | 374784       |
| train/                  |              |
|    approx_kl            | 0.0009200089 |
|    bc_kl                | 0.0117       |
|    clip_fraction        | 0.00654      |
|    clip_range           | 0.2          |
|    entropy_loss         | -0.175       |
|    explained_variance   | 0.274        |
|    learning_rate        | 1e-05        |
|    loss                 | 0.0196       |
|    n_updates            | 1820         |
|    policy_gradient_loss | -0.00455     |
|    value_loss           | 0.0459       |
------------------------------------------
-----------------------------------------
| oracle/                 |             |
|    keep                 | 0           |
| rollout/                |             |
|    ep_len_mean          | 51.3        |
|    ep_rew_mean          | -0.169      |
| time/                   |             |
|    fps                  | 100         |
|    iterations           | 184         |
|    time_elapsed         | 3749        |
|    total_timesteps      | 376832      |
| train/                  |             |
|    approx_kl            | 0.001553382 |
|    bc_kl                | 0.0119      |
|    clip_fraction        | 0.00674     |
|    clip_range           | 0.2         |
|    entropy_loss         | -0.192      |
|    explained_variance   | 0.39        |
|    learning_rate        | 1e-05       |
|    loss                 | 0.0118      |
|    n_updates            | 1830        |
|    policy_gradient_loss | -0.00485    |
|    value_loss           | 0.0278      |
-----------------------------------------
------------------------------------------
| oracle/                 |              |
|    keep                 | 0            |
| rollout/                |              |
|    ep_len_mean          | 48.1         |
|    ep_rew_mean          | -0.226       |
| time/                   |              |
|    fps                  | 100          |
|    iterations           | 185          |
|    time_elapsed         | 3764         |
|    total_timesteps      | 378880       |
| train/                  |              |
|    approx_kl            | 0.0008781289 |
|    bc_kl                | 0.0113       |
|    clip_fraction        | 0.0042       |
|    clip_range           | 0.2          |
|    entropy_loss         | -0.191       |
|    explained_variance   | 0.298        |
|    learning_rate        | 1e-05        |
|    loss                 | 0.0107       |
|    n_updates            | 1840         |
|    policy_gradient_loss | -0.00488     |
|    value_loss           | 0.0259       |
------------------------------------------
------------------------------------------
| oracle/                 |              |
|    keep                 | 0            |
| rollout/                |              |
|    ep_len_mean          | 47.4         |
|    ep_rew_mean          | -0.249       |
| time/                   |              |
|    fps                  | 100          |
|    iterations           | 186          |
|    time_elapsed         | 3779         |
|    total_timesteps      | 380928       |
| train/                  |              |
|    approx_kl            | 0.0012205737 |
|    bc_kl                | 0.0112       |
|    clip_fraction        | 0.00586      |
|    clip_range           | 0.2          |
|    entropy_loss         | -0.196       |
|    explained_variance   | 0.0303       |
|    learning_rate        | 1e-05        |
|    loss                 | 0.0023       |
|    n_updates            | 1850         |
|    policy_gradient_loss | -0.00459     |
|    value_loss           | 0.0234       |
------------------------------------------
-------------------------------------------
| oracle/                 |               |
|    keep                 | 0             |
| rollout/                |               |
|    ep_len_mean          | 47.3          |
|    ep_rew_mean          | -0.263        |
| time/                   |               |
|    fps                  | 101           |
|    iterations           | 187           |
|    time_elapsed         | 3791          |
|    total_timesteps      | 382976        |
| train/                  |               |
|    approx_kl            | 0.00088075316 |
|    bc_kl                | 0.0127        |
|    clip_fraction        | 0.00537       |
|    clip_range           | 0.2           |
|    entropy_loss         | -0.193        |
|    explained_variance   | 0.126         |
|    learning_rate        | 1e-05         |
|    loss                 | 0.0152        |
|    n_updates            | 1860          |
|    policy_gradient_loss | -0.00419      |
|    value_loss           | 0.0324        |
-------------------------------------------
-----------------------------------------
| oracle/                 |             |
|    keep                 | 0           |
| rollout/                |             |
|    ep_len_mean          | 47          |
|    ep_rew_mean          | -0.244      |
| time/                   |             |
|    fps                  | 101         |
|    iterations           | 188         |
|    time_elapsed         | 3807        |
|    total_timesteps      | 385024      |
| train/                  |             |
|    approx_kl            | 0.001123204 |
|    bc_kl                | 0.011       |
|    clip_fraction        | 0.00645     |
|    clip_range           | 0.2         |
|    entropy_loss         | -0.182      |
|    explained_variance   | 0.243       |
|    learning_rate        | 1e-05       |
|    loss                 | 0.00376     |
|    n_updates            | 1870        |
|    policy_gradient_loss | -0.00482    |
|    value_loss           | 0.022       |
-----------------------------------------
-------------------------------------------
| oracle/                 |               |
|    keep                 | 0             |
| rollout/                |               |
|    ep_len_mean          | 47.9          |
|    ep_rew_mean          | -0.185        |
| time/                   |               |
|    fps                  | 101           |
|    iterations           | 189           |
|    time_elapsed         | 3824          |
|    total_timesteps      | 387072        |
| train/                  |               |
|    approx_kl            | 0.00083953183 |
|    bc_kl                | 0.0109        |
|    clip_fraction        | 0.00386       |
|    clip_range           | 0.2           |
|    entropy_loss         | -0.189        |
|    explained_variance   | 0.123         |
|    learning_rate        | 1e-05         |
|    loss                 | 0.0103        |
|    n_updates            | 1880          |
|    policy_gradient_loss | -0.00345      |
|    value_loss           | 0.0291        |
-------------------------------------------
------------------------------------------
| oracle/                 |              |
|    keep                 | 0            |
| rollout/                |              |
|    ep_len_mean          | 48.2         |
|    ep_rew_mean          | -0.15        |
| time/                   |              |
|    fps                  | 101          |
|    iterations           | 190          |
|    time_elapsed         | 3842         |
|    total_timesteps      | 389120       |
| train/                  |              |
|    approx_kl            | 0.0009117855 |
|    bc_kl                | 0.0122       |
|    clip_fraction        | 0.00659      |
|    clip_range           | 0.2          |
|    entropy_loss         | -0.181       |
|    explained_variance   | 0.522        |
|    learning_rate        | 1e-05        |
|    loss                 | 0.0127       |
|    n_updates            | 1890         |
|    policy_gradient_loss | -0.00398     |
|    value_loss           | 0.0285       |
------------------------------------------
------------------------------------------
| oracle/                 |              |
|    keep                 | 0            |
| rollout/                |              |
|    ep_len_mean          | 45.9         |
|    ep_rew_mean          | -0.109       |
| time/                   |              |
|    fps                  | 101          |
|    iterations           | 191          |
|    time_elapsed         | 3860         |
|    total_timesteps      | 391168       |
| train/                  |              |
|    approx_kl            | 0.0009975374 |
|    bc_kl                | 0.011        |
|    clip_fraction        | 0.00513      |
|    clip_range           | 0.2          |
|    entropy_loss         | -0.177       |
|    explained_variance   | 0.414        |
|    learning_rate        | 1e-05        |
|    loss                 | 0.0118       |
|    n_updates            | 1900         |
|    policy_gradient_loss | -0.00378     |
|    value_loss           | 0.0361       |
------------------------------------------
-------------------------------------------
| oracle/                 |               |
|    keep                 | 0             |
| rollout/                |               |
|    ep_len_mean          | 44.7          |
|    ep_rew_mean          | -0.169        |
| time/                   |               |
|    fps                  | 101           |
|    iterations           | 192           |
|    time_elapsed         | 3879          |
|    total_timesteps      | 393216        |
| train/                  |               |
|    approx_kl            | 0.00090709416 |
|    bc_kl                | 0.0107        |
|    clip_fraction        | 0.0042        |
|    clip_range           | 0.2           |
|    entropy_loss         | -0.182        |
|    explained_variance   | 0.192         |
|    learning_rate        | 1e-05         |
|    loss                 | 0.0115        |
|    n_updates            | 1910          |
|    policy_gradient_loss | -0.0033       |
|    value_loss           | 0.0342        |
-------------------------------------------
-------------------------------------------
| oracle/                 |               |
|    keep                 | 0             |
| rollout/                |               |
|    ep_len_mean          | 47.5          |
|    ep_rew_mean          | -0.175        |
| time/                   |               |
|    fps                  | 100           |
|    iterations           | 193           |
|    time_elapsed         | 3916          |
|    total_timesteps      | 395264        |
| train/                  |               |
|    approx_kl            | 0.00094021996 |
|    bc_kl                | 0.0113        |
|    clip_fraction        | 0.00449       |
|    clip_range           | 0.2           |
|    entropy_loss         | -0.18         |
|    explained_variance   | 0.251         |
|    learning_rate        | 1e-05         |
|    loss                 | 0.0118        |
|    n_updates            | 1920          |
|    policy_gradient_loss | -0.00294      |
|    value_loss           | 0.0367        |
-------------------------------------------
------------------------------------------
| oracle/                 |              |
|    keep                 | 0            |
| rollout/                |              |
|    ep_len_mean          | 47.2         |
|    ep_rew_mean          | -0.163       |
| time/                   |              |
|    fps                  | 100          |
|    iterations           | 194          |
|    time_elapsed         | 3968         |
|    total_timesteps      | 397312       |
| train/                  |              |
|    approx_kl            | 0.0009812646 |
|    bc_kl                | 0.0119       |
|    clip_fraction        | 0.00493      |
|    clip_range           | 0.2          |
|    entropy_loss         | -0.19        |
|    explained_variance   | 0.445        |
|    learning_rate        | 1e-05        |
|    loss                 | 0.0117       |
|    n_updates            | 1930         |
|    policy_gradient_loss | -0.00387     |
|    value_loss           | 0.0298       |
------------------------------------------
------------------------------------------
| oracle/                 |              |
|    keep                 | 0            |
| rollout/                |              |
|    ep_len_mean          | 47.7         |
|    ep_rew_mean          | -0.143       |
| time/                   |              |
|    fps                  | 99           |
|    iterations           | 195          |
|    time_elapsed         | 4022         |
|    total_timesteps      | 399360       |
| train/                  |              |
|    approx_kl            | 0.0009701653 |
|    bc_kl                | 0.00977      |
|    clip_fraction        | 0.00557      |
|    clip_range           | 0.2          |
|    entropy_loss         | -0.171       |
|    explained_variance   | -0.109       |
|    learning_rate        | 1e-05        |
|    loss                 | 0.0154       |
|    n_updates            | 1940         |
|    policy_gradient_loss | -0.00349     |
|    value_loss           | 0.0414       |
------------------------------------------
-----------------------------------------
| oracle/                 |             |
|    keep                 | 0           |
| rollout/                |             |
|    ep_len_mean          | 44.7        |
|    ep_rew_mean          | -0.183      |
| time/                   |             |
|    fps                  | 98          |
|    iterations           | 196         |
|    time_elapsed         | 4077        |
|    total_timesteps      | 401408      |
| train/                  |             |
|    approx_kl            | 0.001322854 |
|    bc_kl                | 0.0122      |
|    clip_fraction        | 0.0118      |
|    clip_range           | 0.2         |
|    entropy_loss         | -0.189      |
|    explained_variance   | 0.427       |
|    learning_rate        | 1e-05       |
|    loss                 | 0.0102      |
|    n_updates            | 1950        |
|    policy_gradient_loss | -0.00457    |
|    value_loss           | 0.021       |
-----------------------------------------
------------------------------------------
| oracle/                 |              |
|    keep                 | 0            |
| rollout/                |              |
|    ep_len_mean          | 45.3         |
|    ep_rew_mean          | -0.204       |
| time/                   |              |
|    fps                  | 98           |
|    iterations           | 197          |
|    time_elapsed         | 4108         |
|    total_timesteps      | 403456       |
| train/                  |              |
|    approx_kl            | 0.0012631844 |
|    bc_kl                | 0.0117       |
|    clip_fraction        | 0.00918      |
|    clip_range           | 0.2          |
|    entropy_loss         | -0.186       |
|    explained_variance   | 0.136        |
|    learning_rate        | 1e-05        |
|    loss                 | 0.0107       |
|    n_updates            | 1960         |
|    policy_gradient_loss | -0.00421     |
|    value_loss           | 0.0198       |
------------------------------------------
------------------------------------------
| oracle/                 |              |
|    keep                 | 0            |
| rollout/                |              |
|    ep_len_mean          | 47.8         |
|    ep_rew_mean          | -0.213       |
| time/                   |              |
|    fps                  | 98           |
|    iterations           | 198          |
|    time_elapsed         | 4128         |
|    total_timesteps      | 405504       |
| train/                  |              |
|    approx_kl            | 0.0010742904 |
|    bc_kl                | 0.0112       |
|    clip_fraction        | 0.00571      |
|    clip_range           | 0.2          |
|    entropy_loss         | -0.179       |
|    explained_variance   | 0.27         |
|    learning_rate        | 1e-05        |
|    loss                 | 0.0064       |
|    n_updates            | 1970         |
|    policy_gradient_loss | -0.00445     |
|    value_loss           | 0.0181       |
------------------------------------------
------------------------------------------
| oracle/                 |              |
|    keep                 | 0            |
| rollout/                |              |
|    ep_len_mean          | 48.6         |
|    ep_rew_mean          | -0.139       |
| time/                   |              |
|    fps                  | 98           |
|    iterations           | 199          |
|    time_elapsed         | 4145         |
|    total_timesteps      | 407552       |
| train/                  |              |
|    approx_kl            | 0.0010409225 |
|    bc_kl                | 0.0101       |
|    clip_fraction        | 0.00547      |
|    clip_range           | 0.2          |
|    entropy_loss         | -0.172       |
|    explained_variance   | 0.202        |
|    learning_rate        | 1e-05        |
|    loss                 | 0.00364      |
|    n_updates            | 1980         |
|    policy_gradient_loss | -0.00384     |
|    value_loss           | 0.0192       |
------------------------------------------
------------------------------------------
| oracle/                 |              |
|    keep                 | 0            |
| rollout/                |              |
|    ep_len_mean          | 47.6         |
|    ep_rew_mean          | -0.107       |
| time/                   |              |
|    fps                  | 98           |
|    iterations           | 200          |
|    time_elapsed         | 4163         |
|    total_timesteps      | 409600       |
| train/                  |              |
|    approx_kl            | 0.0009840406 |
|    bc_kl                | 0.00933      |
|    clip_fraction        | 0.00537      |
|    clip_range           | 0.2          |
|    entropy_loss         | -0.181       |
|    explained_variance   | 0.267        |
|    learning_rate        | 1e-05        |
|    loss                 | 0.0207       |
|    n_updates            | 1990         |
|    policy_gradient_loss | -0.00328     |
|    value_loss           | 0.0455       |
------------------------------------------
------------------------------------------
| oracle/                 |              |
|    keep                 | 0            |
| rollout/                |              |
|    ep_len_mean          | 46.7         |
|    ep_rew_mean          | -0.193       |
| time/                   |              |
|    fps                  | 98           |
|    iterations           | 201          |
|    time_elapsed         | 4182         |
|    total_timesteps      | 411648       |
| train/                  |              |
|    approx_kl            | 0.0011433614 |
|    bc_kl                | 0.0109       |
|    clip_fraction        | 0.00757      |
|    clip_range           | 0.2          |
|    entropy_loss         | -0.176       |
|    explained_variance   | 0.64         |
|    learning_rate        | 1e-05        |
|    loss                 | 0.00637      |
|    n_updates            | 2000         |
|    policy_gradient_loss | -0.00412     |
|    value_loss           | 0.0186       |
------------------------------------------
-----------------------------------------
| oracle/                 |             |
|    keep                 | 0           |
| rollout/                |             |
|    ep_len_mean          | 48.1        |
|    ep_rew_mean          | -0.257      |
| time/                   |             |
|    fps                  | 98          |
|    iterations           | 202         |
|    time_elapsed         | 4199        |
|    total_timesteps      | 413696      |
| train/                  |             |
|    approx_kl            | 0.001488466 |
|    bc_kl                | 0.00993     |
|    clip_fraction        | 0.00786     |
|    clip_range           | 0.2         |
|    entropy_loss         | -0.175      |
|    explained_variance   | -0.221      |
|    learning_rate        | 1e-05       |
|    loss                 | 0.00341     |
|    n_updates            | 2010        |
|    policy_gradient_loss | -0.00481    |
|    value_loss           | 0.0153      |
-----------------------------------------
-----------------------------------------
| oracle/                 |             |
|    keep                 | 0           |
| rollout/                |             |
|    ep_len_mean          | 48.2        |
|    ep_rew_mean          | -0.237      |
| time/                   |             |
|    fps                  | 98          |
|    iterations           | 203         |
|    time_elapsed         | 4216        |
|    total_timesteps      | 415744      |
| train/                  |             |
|    approx_kl            | 0.001509181 |
|    bc_kl                | 0.0119      |
|    clip_fraction        | 0.0126      |
|    clip_range           | 0.2         |
|    entropy_loss         | -0.196      |
|    explained_variance   | 0.148       |
|    learning_rate        | 1e-05       |
|    loss                 | 0.00836     |
|    n_updates            | 2020        |
|    policy_gradient_loss | -0.00545    |
|    value_loss           | 0.0285      |
-----------------------------------------
------------------------------------------
| oracle/                 |              |
|    keep                 | 0            |
| rollout/                |              |
|    ep_len_mean          | 45.9         |
|    ep_rew_mean          | -0.19        |
| time/                   |              |
|    fps                  | 98           |
|    iterations           | 204          |
|    time_elapsed         | 4232         |
|    total_timesteps      | 417792       |
| train/                  |              |
|    approx_kl            | 0.0012382909 |
|    bc_kl                | 0.0102       |
|    clip_fraction        | 0.00762      |
|    clip_range           | 0.2          |
|    entropy_loss         | -0.186       |
|    explained_variance   | 0.0251       |
|    learning_rate        | 1e-05        |
|    loss                 | 0.0118       |
|    n_updates            | 2030         |
|    policy_gradient_loss | -0.0035      |
|    value_loss           | 0.0336       |
------------------------------------------
------------------------------------------
| oracle/                 |              |
|    keep                 | 0            |
| rollout/                |              |
|    ep_len_mean          | 46.3         |
|    ep_rew_mean          | -0.203       |
| time/                   |              |
|    fps                  | 98           |
|    iterations           | 205          |
|    time_elapsed         | 4247         |
|    total_timesteps      | 419840       |
| train/                  |              |
|    approx_kl            | 0.0011839821 |
|    bc_kl                | 0.0143       |
|    clip_fraction        | 0.0063       |
|    clip_range           | 0.2          |
|    entropy_loss         | -0.181       |
|    explained_variance   | 0.198        |
|    learning_rate        | 1e-05        |
|    loss                 | 0.0173       |
|    n_updates            | 2040         |
|    policy_gradient_loss | -0.00418     |
|    value_loss           | 0.0467       |
------------------------------------------
------------------------------------------
| oracle/                 |              |
|    keep                 | 0            |
| rollout/                |              |
|    ep_len_mean          | 47.2         |
|    ep_rew_mean          | -0.19        |
| time/                   |              |
|    fps                  | 98           |
|    iterations           | 206          |
|    time_elapsed         | 4262         |
|    total_timesteps      | 421888       |
| train/                  |              |
|    approx_kl            | 0.0012932688 |
|    bc_kl                | 0.0108       |
|    clip_fraction        | 0.00664      |
|    clip_range           | 0.2          |
|    entropy_loss         | -0.194       |
|    explained_variance   | 0.0511       |
|    learning_rate        | 1e-05        |
|    loss                 | 0.00512      |
|    n_updates            | 2050         |
|    policy_gradient_loss | -0.00453     |
|    value_loss           | 0.022        |
------------------------------------------
-----------------------------------------
| oracle/                 |             |
|    keep                 | 0           |
| rollout/                |             |
|    ep_len_mean          | 47.7        |
|    ep_rew_mean          | -0.127      |
| time/                   |             |
|    fps                  | 99          |
|    iterations           | 207         |
|    time_elapsed         | 4275        |
|    total_timesteps      | 423936      |
| train/                  |             |
|    approx_kl            | 0.001051616 |
|    bc_kl                | 0.0104      |
|    clip_fraction        | 0.00439     |
|    clip_range           | 0.2         |
|    entropy_loss         | -0.182      |
|    explained_variance   | 0.201       |
|    learning_rate        | 1e-05       |
|    loss                 | 0.0208      |
|    n_updates            | 2060        |
|    policy_gradient_loss | -0.00381    |
|    value_loss           | 0.0468      |
-----------------------------------------
------------------------------------------
| oracle/                 |              |
|    keep                 | 0            |
| rollout/                |              |
|    ep_len_mean          | 50.1         |
|    ep_rew_mean          | -0.0865      |
| time/                   |              |
|    fps                  | 99           |
|    iterations           | 208          |
|    time_elapsed         | 4288         |
|    total_timesteps      | 425984       |
| train/                  |              |
|    approx_kl            | 0.0009989622 |
|    bc_kl                | 0.0112       |
|    clip_fraction        | 0.00615      |
|    clip_range           | 0.2          |
|    entropy_loss         | -0.186       |
|    explained_variance   | 0.274        |
|    learning_rate        | 1e-05        |
|    loss                 | 0.0122       |
|    n_updates            | 2070         |
|    policy_gradient_loss | -0.00377     |
|    value_loss           | 0.0341       |
------------------------------------------
------------------------------------------
| oracle/                 |              |
|    keep                 | 0            |
| rollout/                |              |
|    ep_len_mean          | 50.3         |
|    ep_rew_mean          | -0.104       |
| time/                   |              |
|    fps                  | 99           |
|    iterations           | 209          |
|    time_elapsed         | 4302         |
|    total_timesteps      | 428032       |
| train/                  |              |
|    approx_kl            | 0.0005716756 |
|    bc_kl                | 0.0107       |
|    clip_fraction        | 0.00283      |
|    clip_range           | 0.2          |
|    entropy_loss         | -0.183       |
|    explained_variance   | 0.275        |
|    learning_rate        | 1e-05        |
|    loss                 | 0.0319       |
|    n_updates            | 2080         |
|    policy_gradient_loss | -0.00287     |
|    value_loss           | 0.0807       |
------------------------------------------
------------------------------------------
| oracle/                 |              |
|    keep                 | 0            |
| rollout/                |              |
|    ep_len_mean          | 51           |
|    ep_rew_mean          | -0.192       |
| time/                   |              |
|    fps                  | 99           |
|    iterations           | 210          |
|    time_elapsed         | 4318         |
|    total_timesteps      | 430080       |
| train/                  |              |
|    approx_kl            | 0.0011973634 |
|    bc_kl                | 0.0114       |
|    clip_fraction        | 0.00615      |
|    clip_range           | 0.2          |
|    entropy_loss         | -0.189       |
|    explained_variance   | 0.333        |
|    learning_rate        | 1e-05        |
|    loss                 | 0.0134       |
|    n_updates            | 2090         |
|    policy_gradient_loss | -0.00398     |
|    value_loss           | 0.0336       |
------------------------------------------
------------------------------------------
| oracle/                 |              |
|    keep                 | 0            |
| rollout/                |              |
|    ep_len_mean          | 51           |
|    ep_rew_mean          | -0.253       |
| time/                   |              |
|    fps                  | 99           |
|    iterations           | 211          |
|    time_elapsed         | 4338         |
|    total_timesteps      | 432128       |
| train/                  |              |
|    approx_kl            | 0.0009214402 |
|    bc_kl                | 0.0122       |
|    clip_fraction        | 0.00708      |
|    clip_range           | 0.2          |
|    entropy_loss         | -0.177       |
|    explained_variance   | 0.489        |
|    learning_rate        | 1e-05        |
|    loss                 | 0.0119       |
|    n_updates            | 2100         |
|    policy_gradient_loss | -0.00384     |
|    value_loss           | 0.0371       |
------------------------------------------
------------------------------------------
| oracle/                 |              |
|    keep                 | 0            |
| rollout/                |              |
|    ep_len_mean          | 49           |
|    ep_rew_mean          | -0.193       |
| time/                   |              |
|    fps                  | 99           |
|    iterations           | 212          |
|    time_elapsed         | 4363         |
|    total_timesteps      | 434176       |
| train/                  |              |
|    approx_kl            | 0.0009322142 |
|    bc_kl                | 0.00972      |
|    clip_fraction        | 0.00386      |
|    clip_range           | 0.2          |
|    entropy_loss         | -0.18        |
|    explained_variance   | 0.00523      |
|    learning_rate        | 1e-05        |
|    loss                 | 0.0121       |
|    n_updates            | 2110         |
|    policy_gradient_loss | -0.00292     |
|    value_loss           | 0.0559       |
------------------------------------------
-------------------------------------------
| oracle/                 |               |
|    keep                 | 0             |
| rollout/                |               |
|    ep_len_mean          | 48.8          |
|    ep_rew_mean          | -0.109        |
| time/                   |               |
|    fps                  | 99            |
|    iterations           | 213           |
|    time_elapsed         | 4394          |
|    total_timesteps      | 436224        |
| train/                  |               |
|    approx_kl            | 0.00096501503 |
|    bc_kl                | 0.0102        |
|    clip_fraction        | 0.00498       |
|    clip_range           | 0.2           |
|    entropy_loss         | -0.19         |
|    explained_variance   | 0.314         |
|    learning_rate        | 1e-05         |
|    loss                 | 0.0178        |
|    n_updates            | 2120          |
|    policy_gradient_loss | -0.00367      |
|    value_loss           | 0.0338        |
-------------------------------------------
------------------------------------------
| oracle/                 |              |
|    keep                 | 0            |
| rollout/                |              |
|    ep_len_mean          | 49.8         |
|    ep_rew_mean          | -0.0827      |
| time/                   |              |
|    fps                  | 99           |
|    iterations           | 214          |
|    time_elapsed         | 4421         |
|    total_timesteps      | 438272       |
| train/                  |              |
|    approx_kl            | 0.0013415373 |
|    bc_kl                | 0.00982      |
|    clip_fraction        | 0.00884      |
|    clip_range           | 0.2          |
|    entropy_loss         | -0.18        |
|    explained_variance   | 0.249        |
|    learning_rate        | 1e-05        |
|    loss                 | 0.0115       |
|    n_updates            | 2130         |
|    policy_gradient_loss | -0.00417     |
|    value_loss           | 0.0275       |
------------------------------------------
-------------------------------------------
| oracle/                 |               |
|    keep                 | 0             |
| rollout/                |               |
|    ep_len_mean          | 49.8          |
|    ep_rew_mean          | -0.13         |
| time/                   |               |
|    fps                  | 99            |
|    iterations           | 215           |
|    time_elapsed         | 4443          |
|    total_timesteps      | 440320        |
| train/                  |               |
|    approx_kl            | 0.00082482124 |
|    bc_kl                | 0.00939       |
|    clip_fraction        | 0.00806       |
|    clip_range           | 0.2           |
|    entropy_loss         | -0.165        |
|    explained_variance   | 0.15          |
|    learning_rate        | 1e-05         |
|    loss                 | 0.0117        |
|    n_updates            | 2140          |
|    policy_gradient_loss | -0.00381      |
|    value_loss           | 0.0329        |
-------------------------------------------
------------------------------------------
| oracle/                 |              |
|    keep                 | 0            |
| rollout/                |              |
|    ep_len_mean          | 48           |
|    ep_rew_mean          | -0.133       |
| time/                   |              |
|    fps                  | 99           |
|    iterations           | 216          |
|    time_elapsed         | 4461         |
|    total_timesteps      | 442368       |
| train/                  |              |
|    approx_kl            | 0.0012792331 |
|    bc_kl                | 0.00879      |
|    clip_fraction        | 0.0063       |
|    clip_range           | 0.2          |
|    entropy_loss         | -0.188       |
|    explained_variance   | 0.242        |
|    learning_rate        | 1e-05        |
|    loss                 | 0.00565      |
|    n_updates            | 2150         |
|    policy_gradient_loss | -0.0049      |
|    value_loss           | 0.0247       |
------------------------------------------
-------------------------------------------
| oracle/                 |               |
|    keep                 | 0             |
| rollout/                |               |
|    ep_len_mean          | 46.2          |
|    ep_rew_mean          | -0.133        |
| time/                   |               |
|    fps                  | 99            |
|    iterations           | 217           |
|    time_elapsed         | 4480          |
|    total_timesteps      | 444416        |
| train/                  |               |
|    approx_kl            | 0.00091932947 |
|    bc_kl                | 0.00834       |
|    clip_fraction        | 0.00366       |
|    clip_range           | 0.2           |
|    entropy_loss         | -0.172        |
|    explained_variance   | 0.224         |
|    learning_rate        | 1e-05         |
|    loss                 | 0.0123        |
|    n_updates            | 2160          |
|    policy_gradient_loss | -0.00407      |
|    value_loss           | 0.0425        |
-------------------------------------------
------------------------------------------
| oracle/                 |              |
|    keep                 | 0            |
| rollout/                |              |
|    ep_len_mean          | 46.7         |
|    ep_rew_mean          | -0.168       |
| time/                   |              |
|    fps                  | 99           |
|    iterations           | 218          |
|    time_elapsed         | 4504         |
|    total_timesteps      | 446464       |
| train/                  |              |
|    approx_kl            | 0.0007311612 |
|    bc_kl                | 0.0104       |
|    clip_fraction        | 0.00366      |
|    clip_range           | 0.2          |
|    entropy_loss         | -0.171       |
|    explained_variance   | 0.268        |
|    learning_rate        | 1e-05        |
|    loss                 | 0.0143       |
|    n_updates            | 2170         |
|    policy_gradient_loss | -0.00306     |
|    value_loss           | 0.0321       |
------------------------------------------
-------------------------------------------
| oracle/                 |               |
|    keep                 | 0             |
| rollout/                |               |
|    ep_len_mean          | 48.2          |
|    ep_rew_mean          | -0.186        |
| time/                   |               |
|    fps                  | 98            |
|    iterations           | 219           |
|    time_elapsed         | 4541          |
|    total_timesteps      | 448512        |
| train/                  |               |
|    approx_kl            | 0.00083846995 |
|    bc_kl                | 0.00928       |
|    clip_fraction        | 0.00376       |
|    clip_range           | 0.2           |
|    entropy_loss         | -0.173        |
|    explained_variance   | 0.299         |
|    learning_rate        | 1e-05         |
|    loss                 | 0.00367       |
|    n_updates            | 2180          |
|    policy_gradient_loss | -0.00407      |
|    value_loss           | 0.0194        |
-------------------------------------------
------------------------------------------
| oracle/                 |              |
|    keep                 | 0            |
| rollout/                |              |
|    ep_len_mean          | 48.5         |
|    ep_rew_mean          | -0.18        |
| time/                   |              |
|    fps                  | 98           |
|    iterations           | 220          |
|    time_elapsed         | 4587         |
|    total_timesteps      | 450560       |
| train/                  |              |
|    approx_kl            | 0.0008761497 |
|    bc_kl                | 0.00979      |
|    clip_fraction        | 0.0043       |
|    clip_range           | 0.2          |
|    entropy_loss         | -0.181       |
|    explained_variance   | 0.216        |
|    learning_rate        | 1e-05        |
|    loss                 | 0.0108       |
|    n_updates            | 2190         |
|    policy_gradient_loss | -0.00368     |
|    value_loss           | 0.0285       |
------------------------------------------
-------------------------------------------
| oracle/                 |               |
|    keep                 | 0             |
| rollout/                |               |
|    ep_len_mean          | 48            |
|    ep_rew_mean          | -0.165        |
| time/                   |               |
|    fps                  | 96            |
|    iterations           | 221           |
|    time_elapsed         | 4668          |
|    total_timesteps      | 452608        |
| train/                  |               |
|    approx_kl            | 0.00086503814 |
|    bc_kl                | 0.0101        |
|    clip_fraction        | 0.00435       |
|    clip_range           | 0.2           |
|    entropy_loss         | -0.19         |
|    explained_variance   | 0.289         |
|    learning_rate        | 1e-05         |
|    loss                 | 0.00854       |
|    n_updates            | 2200          |
|    policy_gradient_loss | -0.00364      |
|    value_loss           | 0.0264        |
-------------------------------------------
------------------------------------------
| oracle/                 |              |
|    keep                 | 0            |
| rollout/                |              |
|    ep_len_mean          | 46.2         |
|    ep_rew_mean          | -0.194       |
| time/                   |              |
|    fps                  | 96           |
|    iterations           | 222          |
|    time_elapsed         | 4731         |
|    total_timesteps      | 454656       |
| train/                  |              |
|    approx_kl            | 0.0007872877 |
|    bc_kl                | 0.0102       |
|    clip_fraction        | 0.00371      |
|    clip_range           | 0.2          |
|    entropy_loss         | -0.188       |
|    explained_variance   | 0.368        |
|    learning_rate        | 1e-05        |
|    loss                 | 0.00654      |
|    n_updates            | 2210         |
|    policy_gradient_loss | -0.00411     |
|    value_loss           | 0.0187       |
------------------------------------------
------------------------------------------
| oracle/                 |              |
|    keep                 | 0            |
| rollout/                |              |
|    ep_len_mean          | 46.4         |
|    ep_rew_mean          | -0.176       |
| time/                   |              |
|    fps                  | 95           |
|    iterations           | 223          |
|    time_elapsed         | 4793         |
|    total_timesteps      | 456704       |
| train/                  |              |
|    approx_kl            | 0.0014456843 |
|    bc_kl                | 0.0105       |
|    clip_fraction        | 0.00918      |
|    clip_range           | 0.2          |
|    entropy_loss         | -0.191       |
|    explained_variance   | 0.33         |
|    learning_rate        | 1e-05        |
|    loss                 | 0.00976      |
|    n_updates            | 2220         |
|    policy_gradient_loss | -0.0039      |
|    value_loss           | 0.0245       |
------------------------------------------
-------------------------------------------
| oracle/                 |               |
|    keep                 | 0             |
| rollout/                |               |
|    ep_len_mean          | 48.8          |
|    ep_rew_mean          | -0.127        |
| time/                   |               |
|    fps                  | 94            |
|    iterations           | 224           |
|    time_elapsed         | 4841          |
|    total_timesteps      | 458752        |
| train/                  |               |
|    approx_kl            | 0.00093640963 |
|    bc_kl                | 0.00968       |
|    clip_fraction        | 0.00347       |
|    clip_range           | 0.2           |
|    entropy_loss         | -0.199        |
|    explained_variance   | 0.458         |
|    learning_rate        | 1e-05         |
|    loss                 | 0.012         |
|    n_updates            | 2230          |
|    policy_gradient_loss | -0.00403      |
|    value_loss           | 0.0316        |
-------------------------------------------
------------------------------------------
| oracle/                 |              |
|    keep                 | 0            |
| rollout/                |              |
|    ep_len_mean          | 48.3         |
|    ep_rew_mean          | -0.16        |
| time/                   |              |
|    fps                  | 94           |
|    iterations           | 225          |
|    time_elapsed         | 4894         |
|    total_timesteps      | 460800       |
| train/                  |              |
|    approx_kl            | 0.0009247245 |
|    bc_kl                | 0.0112       |
|    clip_fraction        | 0.0043       |
|    clip_range           | 0.2          |
|    entropy_loss         | -0.183       |
|    explained_variance   | 0.17         |
|    learning_rate        | 1e-05        |
|    loss                 | 0.0474       |
|    n_updates            | 2240         |
|    policy_gradient_loss | -0.00312     |
|    value_loss           | 0.101        |
------------------------------------------
------------------------------------------
| oracle/                 |              |
|    keep                 | 0            |
| rollout/                |              |
|    ep_len_mean          | 45.5         |
|    ep_rew_mean          | -0.165       |
| time/                   |              |
|    fps                  | 93           |
|    iterations           | 226          |
|    time_elapsed         | 4950         |
|    total_timesteps      | 462848       |
| train/                  |              |
|    approx_kl            | 0.0011969438 |
|    bc_kl                | 0.00915      |
|    clip_fraction        | 0.00737      |
|    clip_range           | 0.2          |
|    entropy_loss         | -0.173       |
|    explained_variance   | 0.402        |
|    learning_rate        | 1e-05        |
|    loss                 | 0.00979      |
|    n_updates            | 2250         |
|    policy_gradient_loss | -0.00475     |
|    value_loss           | 0.0246       |
------------------------------------------
------------------------------------------
| oracle/                 |              |
|    keep                 | 0            |
| rollout/                |              |
|    ep_len_mean          | 48.5         |
|    ep_rew_mean          | -0.189       |
| time/                   |              |
|    fps                  | 92           |
|    iterations           | 227          |
|    time_elapsed         | 5005         |
|    total_timesteps      | 464896       |
| train/                  |              |
|    approx_kl            | 0.0016114876 |
|    bc_kl                | 0.0102       |
|    clip_fraction        | 0.0111       |
|    clip_range           | 0.2          |
|    entropy_loss         | -0.205       |
|    explained_variance   | 0.179        |
|    learning_rate        | 1e-05        |
|    loss                 | 0.0127       |
|    n_updates            | 2260         |
|    policy_gradient_loss | -0.00477     |
|    value_loss           | 0.0305       |
------------------------------------------
------------------------------------------
| oracle/                 |              |
|    keep                 | 0            |
| rollout/                |              |
|    ep_len_mean          | 47.9         |
|    ep_rew_mean          | -0.181       |
| time/                   |              |
|    fps                  | 92           |
|    iterations           | 228          |
|    time_elapsed         | 5060         |
|    total_timesteps      | 466944       |
| train/                  |              |
|    approx_kl            | 0.0011917462 |
|    bc_kl                | 0.0112       |
|    clip_fraction        | 0.00908      |
|    clip_range           | 0.2          |
|    entropy_loss         | -0.19        |
|    explained_variance   | 0.143        |
|    learning_rate        | 1e-05        |
|    loss                 | 0.00799      |
|    n_updates            | 2270         |
|    policy_gradient_loss | -0.00437     |
|    value_loss           | 0.0242       |
------------------------------------------
------------------------------------------
| oracle/                 |              |
|    keep                 | 0            |
| rollout/                |              |
|    ep_len_mean          | 44.2         |
|    ep_rew_mean          | -0.147       |
| time/                   |              |
|    fps                  | 91           |
|    iterations           | 229          |
|    time_elapsed         | 5112         |
|    total_timesteps      | 468992       |
| train/                  |              |
|    approx_kl            | 0.0009957562 |
|    bc_kl                | 0.00971      |
|    clip_fraction        | 0.00552      |
|    clip_range           | 0.2          |
|    entropy_loss         | -0.18        |
|    explained_variance   | 0.416        |
|    learning_rate        | 1e-05        |
|    loss                 | 0.0069       |
|    n_updates            | 2280         |
|    policy_gradient_loss | -0.00481     |
|    value_loss           | 0.0197       |
------------------------------------------
------------------------------------------
| oracle/                 |              |
|    keep                 | 0            |
| rollout/                |              |
|    ep_len_mean          | 47.2         |
|    ep_rew_mean          | -0.0473      |
| time/                   |              |
|    fps                  | 91           |
|    iterations           | 230          |
|    time_elapsed         | 5168         |
|    total_timesteps      | 471040       |
| train/                  |              |
|    approx_kl            | 0.0013633887 |
|    bc_kl                | 0.0106       |
|    clip_fraction        | 0.00845      |
|    clip_range           | 0.2          |
|    entropy_loss         | -0.174       |
|    explained_variance   | 0.712        |
|    learning_rate        | 1e-05        |
|    loss                 | 0.00944      |
|    n_updates            | 2290         |
|    policy_gradient_loss | -0.00422     |
|    value_loss           | 0.0341       |
------------------------------------------
------------------------------------------
| oracle/                 |              |
|    keep                 | 0            |
| rollout/                |              |
|    ep_len_mean          | 49.9         |
|    ep_rew_mean          | -0.0424      |
| time/                   |              |
|    fps                  | 90           |
|    iterations           | 231          |
|    time_elapsed         | 5224         |
|    total_timesteps      | 473088       |
| train/                  |              |
|    approx_kl            | 0.0007726413 |
|    bc_kl                | 0.0102       |
|    clip_fraction        | 0.00371      |
|    clip_range           | 0.2          |
|    entropy_loss         | -0.169       |
|    explained_variance   | 0.511        |
|    learning_rate        | 1e-05        |
|    loss                 | 0.0206       |
|    n_updates            | 2300         |
|    policy_gradient_loss | -0.00376     |
|    value_loss           | 0.0463       |
------------------------------------------
-------------------------------------------
| oracle/                 |               |
|    keep                 | 0             |
| rollout/                |               |
|    ep_len_mean          | 47.7          |
|    ep_rew_mean          | -0.131        |
| time/                   |               |
|    fps                  | 90            |
|    iterations           | 232           |
|    time_elapsed         | 5276          |
|    total_timesteps      | 475136        |
| train/                  |               |
|    approx_kl            | 0.00088184304 |
|    bc_kl                | 0.00944       |
|    clip_fraction        | 0.00518       |
|    clip_range           | 0.2           |
|    entropy_loss         | -0.169        |
|    explained_variance   | 0.451         |
|    learning_rate        | 1e-05         |
|    loss                 | 0.0137        |
|    n_updates            | 2310          |
|    policy_gradient_loss | -0.00405      |
|    value_loss           | 0.0365        |
-------------------------------------------
------------------------------------------
| oracle/                 |              |
|    keep                 | 0            |
| rollout/                |              |
|    ep_len_mean          | 45.4         |
|    ep_rew_mean          | -0.19        |
| time/                   |              |
|    fps                  | 90           |
|    iterations           | 233          |
|    time_elapsed         | 5300         |
|    total_timesteps      | 477184       |
| train/                  |              |
|    approx_kl            | 0.0010069882 |
|    bc_kl                | 0.0111       |
|    clip_fraction        | 0.00439      |
|    clip_range           | 0.2          |
|    entropy_loss         | -0.195       |
|    explained_variance   | 0.187        |
|    learning_rate        | 1e-05        |
|    loss                 | 0.0212       |
|    n_updates            | 2320         |
|    policy_gradient_loss | -0.00435     |
|    value_loss           | 0.0515       |
------------------------------------------
------------------------------------------
| oracle/                 |              |
|    keep                 | 0            |
| rollout/                |              |
|    ep_len_mean          | 45.4         |
|    ep_rew_mean          | -0.193       |
| time/                   |              |
|    fps                  | 90           |
|    iterations           | 234          |
|    time_elapsed         | 5323         |
|    total_timesteps      | 479232       |
| train/                  |              |
|    approx_kl            | 0.0008426972 |
|    bc_kl                | 0.0117       |
|    clip_fraction        | 0.00439      |
|    clip_range           | 0.2          |
|    entropy_loss         | -0.175       |
|    explained_variance   | 0.158        |
|    learning_rate        | 1e-05        |
|    loss                 | 0.0089       |
|    n_updates            | 2330         |
|    policy_gradient_loss | -0.00402     |
|    value_loss           | 0.0303       |
------------------------------------------
------------------------------------------
| oracle/                 |              |
|    keep                 | 0            |
| rollout/                |              |
|    ep_len_mean          | 46.1         |
|    ep_rew_mean          | -0.151       |
| time/                   |              |
|    fps                  | 89           |
|    iterations           | 235          |
|    time_elapsed         | 5347         |
|    total_timesteps      | 481280       |
| train/                  |              |
|    approx_kl            | 0.0012219568 |
|    bc_kl                | 0.00995      |
|    clip_fraction        | 0.00708      |
|    clip_range           | 0.2          |
|    entropy_loss         | -0.189       |
|    explained_variance   | 0.316        |
|    learning_rate        | 1e-05        |
|    loss                 | 0.00743      |
|    n_updates            | 2340         |
|    policy_gradient_loss | -0.00486     |
|    value_loss           | 0.0202       |
------------------------------------------
------------------------------------------
| oracle/                 |              |
|    keep                 | 0            |
| rollout/                |              |
|    ep_len_mean          | 48.8         |
|    ep_rew_mean          | -0.171       |
| time/                   |              |
|    fps                  | 89           |
|    iterations           | 236          |
|    time_elapsed         | 5370         |
|    total_timesteps      | 483328       |
| train/                  |              |
|    approx_kl            | 0.0013664681 |
|    bc_kl                | 0.00968      |
|    clip_fraction        | 0.00796      |
|    clip_range           | 0.2          |
|    entropy_loss         | -0.184       |
|    explained_variance   | 0.277        |
|    learning_rate        | 1e-05        |
|    loss                 | 0.024        |
|    n_updates            | 2350         |
|    policy_gradient_loss | -0.00314     |
|    value_loss           | 0.0409       |
------------------------------------------
------------------------------------------
| oracle/                 |              |
|    keep                 | 0            |
| rollout/                |              |
|    ep_len_mean          | 46.5         |
|    ep_rew_mean          | -0.183       |
| time/                   |              |
|    fps                  | 89           |
|    iterations           | 237          |
|    time_elapsed         | 5398         |
|    total_timesteps      | 485376       |
| train/                  |              |
|    approx_kl            | 0.0010025966 |
|    bc_kl                | 0.0109       |
|    clip_fraction        | 0.00752      |
|    clip_range           | 0.2          |
|    entropy_loss         | -0.193       |
|    explained_variance   | 0.0749       |
|    learning_rate        | 1e-05        |
|    loss                 | -0.00175     |
|    n_updates            | 2360         |
|    policy_gradient_loss | -0.0055      |
|    value_loss           | 0.0174       |
------------------------------------------
-------------------------------------------
| oracle/                 |               |
|    keep                 | 0             |
| rollout/                |               |
|    ep_len_mean          | 47.4          |
|    ep_rew_mean          | -0.156        |
| time/                   |               |
|    fps                  | 89            |
|    iterations           | 238           |
|    time_elapsed         | 5431          |
|    total_timesteps      | 487424        |
| train/                  |               |
|    approx_kl            | 0.00092961866 |
|    bc_kl                | 0.0116        |
|    clip_fraction        | 0.00562       |
|    clip_range           | 0.2           |
|    entropy_loss         | -0.188        |
|    explained_variance   | 0.453         |
|    learning_rate        | 1e-05         |
|    loss                 | 0.0134        |
|    n_updates            | 2370          |
|    policy_gradient_loss | -0.00425      |
|    value_loss           | 0.0259        |
-------------------------------------------
------------------------------------------
| oracle/                 |              |
|    keep                 | 0            |
| rollout/                |              |
|    ep_len_mean          | 46.5         |
|    ep_rew_mean          | -0.119       |
| time/                   |              |
|    fps                  | 89           |
|    iterations           | 239          |
|    time_elapsed         | 5471         |
|    total_timesteps      | 489472       |
| train/                  |              |
|    approx_kl            | 0.0011991153 |
|    bc_kl                | 0.00969      |
|    clip_fraction        | 0.00703      |
|    clip_range           | 0.2          |
|    entropy_loss         | -0.178       |
|    explained_variance   | 0.294        |
|    learning_rate        | 1e-05        |
|    loss                 | 0.00512      |
|    n_updates            | 2380         |
|    policy_gradient_loss | -0.00461     |
|    value_loss           | 0.0224       |
------------------------------------------
------------------------------------------
| oracle/                 |              |
|    keep                 | 0            |
| rollout/                |              |
|    ep_len_mean          | 44.1         |
|    ep_rew_mean          | -0.167       |
| time/                   |              |
|    fps                  | 89           |
|    iterations           | 240          |
|    time_elapsed         | 5510         |
|    total_timesteps      | 491520       |
| train/                  |              |
|    approx_kl            | 0.0011805533 |
|    bc_kl                | 0.0104       |
|    clip_fraction        | 0.00649      |
|    clip_range           | 0.2          |
|    entropy_loss         | -0.192       |
|    explained_variance   | 0.338        |
|    learning_rate        | 1e-05        |
|    loss                 | 0.00614      |
|    n_updates            | 2390         |
|    policy_gradient_loss | -0.00434     |
|    value_loss           | 0.0199       |
------------------------------------------
-------------------------------------------
| oracle/                 |               |
|    keep                 | 0             |
| rollout/                |               |
|    ep_len_mean          | 46.3          |
|    ep_rew_mean          | -0.12         |
| time/                   |               |
|    fps                  | 88            |
|    iterations           | 241           |
|    time_elapsed         | 5555          |
|    total_timesteps      | 493568        |
| train/                  |               |
|    approx_kl            | 0.00096393004 |
|    bc_kl                | 0.0102        |
|    clip_fraction        | 0.0043        |
|    clip_range           | 0.2           |
|    entropy_loss         | -0.179        |
|    explained_variance   | 0.373         |
|    learning_rate        | 1e-05         |
|    loss                 | 0.0175        |
|    n_updates            | 2400          |
|    policy_gradient_loss | -0.00333      |
|    value_loss           | 0.0415        |
-------------------------------------------
------------------------------------------
| oracle/                 |              |
|    keep                 | 0            |
| rollout/                |              |
|    ep_len_mean          | 47.8         |
|    ep_rew_mean          | -0.0927      |
| time/                   |              |
|    fps                  | 88           |
|    iterations           | 242          |
|    time_elapsed         | 5609         |
|    total_timesteps      | 495616       |
| train/                  |              |
|    approx_kl            | 0.0010174307 |
|    bc_kl                | 0.0105       |
|    clip_fraction        | 0.00479      |
|    clip_range           | 0.2          |
|    entropy_loss         | -0.185       |
|    explained_variance   | 0.441        |
|    learning_rate        | 1e-05        |
|    loss                 | 0.0135       |
|    n_updates            | 2410         |
|    policy_gradient_loss | -0.00378     |
|    value_loss           | 0.0403       |
------------------------------------------
------------------------------------------
| oracle/                 |              |
|    keep                 | 0            |
| rollout/                |              |
|    ep_len_mean          | 46.6         |
|    ep_rew_mean          | -0.135       |
| time/                   |              |
|    fps                  | 88           |
|    iterations           | 243          |
|    time_elapsed         | 5647         |
|    total_timesteps      | 497664       |
| train/                  |              |
|    approx_kl            | 0.0010813983 |
|    bc_kl                | 0.00941      |
|    clip_fraction        | 0.00444      |
|    clip_range           | 0.2          |
|    entropy_loss         | -0.175       |
|    explained_variance   | 0.598        |
|    learning_rate        | 1e-05        |
|    loss                 | 0.00861      |
|    n_updates            | 2420         |
|    policy_gradient_loss | -0.00415     |
|    value_loss           | 0.0283       |
------------------------------------------
------------------------------------------
| oracle/                 |              |
|    keep                 | 0            |
| rollout/                |              |
|    ep_len_mean          | 46.6         |
|    ep_rew_mean          | -0.21        |
| time/                   |              |
|    fps                  | 87           |
|    iterations           | 244          |
|    time_elapsed         | 5681         |
|    total_timesteps      | 499712       |
| train/                  |              |
|    approx_kl            | 0.0008692421 |
|    bc_kl                | 0.00986      |
|    clip_fraction        | 0.00415      |
|    clip_range           | 0.2          |
|    entropy_loss         | -0.193       |
|    explained_variance   | 0.513        |
|    learning_rate        | 1e-05        |
|    loss                 | 0.00648      |
|    n_updates            | 2430         |
|    policy_gradient_loss | -0.0039      |
|    value_loss           | 0.0236       |
------------------------------------------
------------------------------------------
| oracle/                 |              |
|    keep                 | 0            |
| rollout/                |              |
|    ep_len_mean          | 45.2         |
|    ep_rew_mean          | -0.184       |
| time/                   |              |
|    fps                  | 87           |
|    iterations           | 245          |
|    time_elapsed         | 5730         |
|    total_timesteps      | 501760       |
| train/                  |              |
|    approx_kl            | 0.0008576828 |
|    bc_kl                | 0.00959      |
|    clip_fraction        | 0.00454      |
|    clip_range           | 0.2          |
|    entropy_loss         | -0.174       |
|    explained_variance   | 0.335        |
|    learning_rate        | 1e-05        |
|    loss                 | 0.0232       |
|    n_updates            | 2440         |
|    policy_gradient_loss | -0.00372     |
|    value_loss           | 0.0408       |
------------------------------------------
完成 500000 步,用时 5750s
