Using cpu device
/Users/shenzeqi/.pyenv/versions/3.11.14/lib/python3.11/site-packages/transformers/utils/generic.py:441: UserWarning: torch.utils._pytree._register_pytree_node is deprecated. Please use torch.utils._pytree.register_pytree_node instead.
  _torch_pytree._register_pytree_node(
已从 runs/bc0/best.pt 移植 BC 主干+policy 头(oracle 零填充,value 头随机)
---------------------------------
| oracle/            |          |
|    keep            | 0.992    |
| rollout/           |          |
|    ep_len_mean     | 45.9     |
|    ep_rew_mean     | -0.202   |
| time/              |          |
|    fps             | 79       |
|    iterations      | 1        |
|    time_elapsed    | 25       |
|    total_timesteps | 2048     |
---------------------------------
-----------------------------------------
| oracle/                 |             |
|    keep                 | 0.984       |
| rollout/                |             |
|    ep_len_mean          | 47.9        |
|    ep_rew_mean          | -0.139      |
| time/                   |             |
|    fps                  | 59          |
|    iterations           | 2           |
|    time_elapsed         | 69          |
|    total_timesteps      | 4096        |
| train/                  |             |
|    approx_kl            | 0.012784374 |
|    clip_fraction        | 0.0771      |
|    clip_range           | 0.2         |
|    entropy_loss         | -0.213      |
|    explained_variance   | -1.38       |
|    learning_rate        | 0.0001      |
|    loss                 | -0.00633    |
|    n_updates            | 10          |
|    policy_gradient_loss | -0.0189     |
|    value_loss           | 0.0879      |
-----------------------------------------
-----------------------------------------
| oracle/                 |             |
|    keep                 | 0.975       |
| rollout/                |             |
|    ep_len_mean          | 47.9        |
|    ep_rew_mean          | -0.145      |
| time/                   |             |
|    fps                  | 3           |
|    iterations           | 3           |
|    time_elapsed         | 1894        |
|    total_timesteps      | 6144        |
| train/                  |             |
|    approx_kl            | 0.011763768 |
|    clip_fraction        | 0.0684      |
|    clip_range           | 0.2         |
|    entropy_loss         | -0.214      |
|    explained_variance   | -1.26       |
|    learning_rate        | 0.0001      |
|    loss                 | -0.0129     |
|    n_updates            | 20          |
|    policy_gradient_loss | -0.0138     |
|    value_loss           | 0.0676      |
-----------------------------------------
------------------------------------------
| oracle/                 |              |
|    keep                 | 0.967        |
| rollout/                |              |
|    ep_len_mean          | 45.4         |
|    ep_rew_mean          | -0.159       |
| time/                   |              |
|    fps                  | 3            |
|    iterations           | 4            |
|    time_elapsed         | 2060         |
|    total_timesteps      | 8192         |
| train/                  |              |
|    approx_kl            | 0.0112245185 |
|    clip_fraction        | 0.0685       |
|    clip_range           | 0.2          |
|    entropy_loss         | -0.245       |
|    explained_variance   | -1.01        |
|    learning_rate        | 0.0001       |
|    loss                 | -0.0154      |
|    n_updates            | 30           |
|    policy_gradient_loss | -0.0161      |
|    value_loss           | 0.0492       |
------------------------------------------
-----------------------------------------
| oracle/                 |             |
|    keep                 | 0.959       |
| rollout/                |             |
|    ep_len_mean          | 45.6        |
|    ep_rew_mean          | -0.184      |
| time/                   |             |
|    fps                  | 4           |
|    iterations           | 5           |
|    time_elapsed         | 2081        |
|    total_timesteps      | 10240       |
| train/                  |             |
|    approx_kl            | 0.016959857 |
|    clip_fraction        | 0.0824      |
|    clip_range           | 0.2         |
|    entropy_loss         | -0.243      |
|    explained_variance   | -0.679      |
|    learning_rate        | 0.0001      |
|    loss                 | -0.0139     |
|    n_updates            | 40          |
|    policy_gradient_loss | -0.0207     |
|    value_loss           | 0.0361      |
-----------------------------------------
-----------------------------------------
| oracle/                 |             |
|    keep                 | 0.951       |
| rollout/                |             |
|    ep_len_mean          | 44.8        |
|    ep_rew_mean          | -0.224      |
| time/                   |             |
|    fps                  | 5           |
|    iterations           | 6           |
|    time_elapsed         | 2101        |
|    total_timesteps      | 12288       |
| train/                  |             |
|    approx_kl            | 0.014743639 |
|    clip_fraction        | 0.0801      |
|    clip_range           | 0.2         |
|    entropy_loss         | -0.257      |
|    explained_variance   | -0.432      |
|    learning_rate        | 0.0001      |
|    loss                 | -0.0234     |
|    n_updates            | 50          |
|    policy_gradient_loss | -0.0193     |
|    value_loss           | 0.0297      |
-----------------------------------------
-----------------------------------------
| oracle/                 |             |
|    keep                 | 0.943       |
| rollout/                |             |
|    ep_len_mean          | 42.1        |
|    ep_rew_mean          | -0.183      |
| time/                   |             |
|    fps                  | 6           |
|    iterations           | 7           |
|    time_elapsed         | 2123        |
|    total_timesteps      | 14336       |
| train/                  |             |
|    approx_kl            | 0.016862324 |
|    clip_fraction        | 0.0758      |
|    clip_range           | 0.2         |
|    entropy_loss         | -0.248      |
|    explained_variance   | -0.722      |
|    learning_rate        | 0.0001      |
|    loss                 | -0.0209     |
|    n_updates            | 60          |
|    policy_gradient_loss | -0.0173     |
|    value_loss           | 0.0223      |
-----------------------------------------
-----------------------------------------
| oracle/                 |             |
|    keep                 | 0.934       |
| rollout/                |             |
|    ep_len_mean          | 42.9        |
|    ep_rew_mean          | -0.158      |
| time/                   |             |
|    fps                  | 7           |
|    iterations           | 8           |
|    time_elapsed         | 2144        |
|    total_timesteps      | 16384       |
| train/                  |             |
|    approx_kl            | 0.014524736 |
|    clip_fraction        | 0.0763      |
|    clip_range           | 0.2         |
|    entropy_loss         | -0.241      |
|    explained_variance   | -0.245      |
|    learning_rate        | 0.0001      |
|    loss                 | -0.0134     |
|    n_updates            | 70          |
|    policy_gradient_loss | -0.0162     |
|    value_loss           | 0.037       |
-----------------------------------------
------------------------------------------
| oracle/                 |              |
|    keep                 | 0.926        |
| rollout/                |              |
|    ep_len_mean          | 47.8         |
|    ep_rew_mean          | -0.15        |
| time/                   |              |
|    fps                  | 8            |
|    iterations           | 9            |
|    time_elapsed         | 2165         |
|    total_timesteps      | 18432        |
| train/                  |              |
|    approx_kl            | 0.0144254975 |
|    clip_fraction        | 0.0735       |
|    clip_range           | 0.2          |
|    entropy_loss         | -0.234       |
|    explained_variance   | -0.265       |
|    learning_rate        | 0.0001       |
|    loss                 | -0.0185      |
|    n_updates            | 80           |
|    policy_gradient_loss | -0.0164      |
|    value_loss           | 0.0293       |
------------------------------------------
------------------------------------------
| oracle/                 |              |
|    keep                 | 0.918        |
| rollout/                |              |
|    ep_len_mean          | 50.9         |
|    ep_rew_mean          | -0.173       |
| time/                   |              |
|    fps                  | 9            |
|    iterations           | 10           |
|    time_elapsed         | 2186         |
|    total_timesteps      | 20480        |
| train/                  |              |
|    approx_kl            | 0.0136615615 |
|    clip_fraction        | 0.0812       |
|    clip_range           | 0.2          |
|    entropy_loss         | -0.228       |
|    explained_variance   | -0.387       |
|    learning_rate        | 0.0001       |
|    loss                 | -0.0222      |
|    n_updates            | 90           |
|    policy_gradient_loss | -0.014       |
|    value_loss           | 0.0232       |
------------------------------------------
-----------------------------------------
| oracle/                 |             |
|    keep                 | 0.91        |
| rollout/                |             |
|    ep_len_mean          | 50.1        |
|    ep_rew_mean          | -0.18       |
| time/                   |             |
|    fps                  | 10          |
|    iterations           | 11          |
|    time_elapsed         | 2205        |
|    total_timesteps      | 22528       |
| train/                  |             |
|    approx_kl            | 0.014712716 |
|    clip_fraction        | 0.075       |
|    clip_range           | 0.2         |
|    entropy_loss         | -0.24       |
|    explained_variance   | 0.0556      |
|    learning_rate        | 0.0001      |
|    loss                 | -0.013      |
|    n_updates            | 100         |
|    policy_gradient_loss | -0.0144     |
|    value_loss           | 0.0354      |
-----------------------------------------
-----------------------------------------
| oracle/                 |             |
|    keep                 | 0.902       |
| rollout/                |             |
|    ep_len_mean          | 47.5        |
|    ep_rew_mean          | -0.193      |
| time/                   |             |
|    fps                  | 6           |
|    iterations           | 12          |
|    time_elapsed         | 4024        |
|    total_timesteps      | 24576       |
| train/                  |             |
|    approx_kl            | 0.015809957 |
|    clip_fraction        | 0.0754      |
|    clip_range           | 0.2         |
|    entropy_loss         | -0.238      |
|    explained_variance   | 0.0763      |
|    learning_rate        | 0.0001      |
|    loss                 | -0.0249     |
|    n_updates            | 110         |
|    policy_gradient_loss | -0.0149     |
|    value_loss           | 0.0201      |
-----------------------------------------
-----------------------------------------
| oracle/                 |             |
|    keep                 | 0.894       |
| rollout/                |             |
|    ep_len_mean          | 49.9        |
|    ep_rew_mean          | -0.209      |
| time/                   |             |
|    fps                  | 5           |
|    iterations           | 13          |
|    time_elapsed         | 5057        |
|    total_timesteps      | 26624       |
| train/                  |             |
|    approx_kl            | 0.013688232 |
|    clip_fraction        | 0.0724      |
|    clip_range           | 0.2         |
|    entropy_loss         | -0.24       |
|    explained_variance   | 0.138       |
|    learning_rate        | 0.0001      |
|    loss                 | -0.0168     |
|    n_updates            | 120         |
|    policy_gradient_loss | -0.0153     |
|    value_loss           | 0.0383      |
-----------------------------------------
----------------------------------------
| oracle/                 |            |
|    keep                 | 0.885      |
| rollout/                |            |
|    ep_len_mean          | 49.3       |
|    ep_rew_mean          | -0.152     |
| time/                   |            |
|    fps                  | 4          |
|    iterations           | 14         |
|    time_elapsed         | 6124       |
|    total_timesteps      | 28672      |
| train/                  |            |
|    approx_kl            | 0.01622853 |
|    clip_fraction        | 0.0866     |
|    clip_range           | 0.2        |
|    entropy_loss         | -0.248     |
|    explained_variance   | 0.00991    |
|    learning_rate        | 0.0001     |
|    loss                 | -0.025     |
|    n_updates            | 130        |
|    policy_gradient_loss | -0.0175    |
|    value_loss           | 0.0181     |
----------------------------------------
-----------------------------------------
| oracle/                 |             |
|    keep                 | 0.877       |
| rollout/                |             |
|    ep_len_mean          | 50.7        |
|    ep_rew_mean          | -0.2        |
| time/                   |             |
|    fps                  | 4           |
|    iterations           | 15          |
|    time_elapsed         | 7120        |
|    total_timesteps      | 30720       |
| train/                  |             |
|    approx_kl            | 0.018022042 |
|    clip_fraction        | 0.0847      |
|    clip_range           | 0.2         |
|    entropy_loss         | -0.268      |
|    explained_variance   | -0.0259     |
|    learning_rate        | 0.0001      |
|    loss                 | -0.0222     |
|    n_updates            | 140         |
|    policy_gradient_loss | -0.0178     |
|    value_loss           | 0.0154      |
-----------------------------------------
----------------------------------------
| oracle/                 |            |
|    keep                 | 0.869      |
| rollout/                |            |
|    ep_len_mean          | 48.9       |
|    ep_rew_mean          | -0.25      |
| time/                   |            |
|    fps                  | 3          |
|    iterations           | 16         |
|    time_elapsed         | 9423       |
|    total_timesteps      | 32768      |
| train/                  |            |
|    approx_kl            | 0.01582903 |
|    clip_fraction        | 0.0892     |
|    clip_range           | 0.2        |
|    entropy_loss         | -0.27      |
|    explained_variance   | 0.0371     |
|    learning_rate        | 0.0001     |
|    loss                 | -0.0182    |
|    n_updates            | 150        |
|    policy_gradient_loss | -0.0186    |
|    value_loss           | 0.0165     |
----------------------------------------
-----------------------------------------
| oracle/                 |             |
|    keep                 | 0.861       |
| rollout/                |             |
|    ep_len_mean          | 47.4        |
|    ep_rew_mean          | -0.238      |
| time/                   |             |
|    fps                  | 2           |
|    iterations           | 17          |
|    time_elapsed         | 12632       |
|    total_timesteps      | 34816       |
| train/                  |             |
|    approx_kl            | 0.015564682 |
|    clip_fraction        | 0.0792      |
|    clip_range           | 0.2         |
|    entropy_loss         | -0.256      |
|    explained_variance   | 0.165       |
|    learning_rate        | 0.0001      |
|    loss                 | -0.0175     |
|    n_updates            | 160         |
|    policy_gradient_loss | -0.0168     |
|    value_loss           | 0.0193      |
-----------------------------------------
-----------------------------------------
| oracle/                 |             |
|    keep                 | 0.853       |
| rollout/                |             |
|    ep_len_mean          | 47.5        |
|    ep_rew_mean          | -0.229      |
| time/                   |             |
|    fps                  | 2           |
|    iterations           | 18          |
|    time_elapsed         | 12677       |
|    total_timesteps      | 36864       |
| train/                  |             |
|    approx_kl            | 0.014936846 |
|    clip_fraction        | 0.0798      |
|    clip_range           | 0.2         |
|    entropy_loss         | -0.255      |
|    explained_variance   | 0.104       |
|    learning_rate        | 0.0001      |
|    loss                 | -0.0177     |
|    n_updates            | 170         |
|    policy_gradient_loss | -0.0171     |
|    value_loss           | 0.0203      |
-----------------------------------------
----------------------------------------
| oracle/                 |            |
|    keep                 | 0.844      |
| rollout/                |            |
|    ep_len_mean          | 48         |
|    ep_rew_mean          | -0.224     |
| time/                   |            |
|    fps                  | 2          |
|    iterations           | 19         |
|    time_elapsed         | 13764      |
|    total_timesteps      | 38912      |
| train/                  |            |
|    approx_kl            | 0.01739781 |
|    clip_fraction        | 0.0925     |
|    clip_range           | 0.2        |
|    entropy_loss         | -0.255     |
|    explained_variance   | 0.0455     |
|    learning_rate        | 0.0001     |
|    loss                 | -0.0218    |
|    n_updates            | 180        |
|    policy_gradient_loss | -0.0156    |
|    value_loss           | 0.0185     |
----------------------------------------
-----------------------------------------
| oracle/                 |             |
|    keep                 | 0.836       |
| rollout/                |             |
|    ep_len_mean          | 46.9        |
|    ep_rew_mean          | -0.214      |
| time/                   |             |
|    fps                  | 1           |
|    iterations           | 20          |
|    time_elapsed         | 21012       |
|    total_timesteps      | 40960       |
| train/                  |             |
|    approx_kl            | 0.019463614 |
|    clip_fraction        | 0.0845      |
|    clip_range           | 0.2         |
|    entropy_loss         | -0.224      |
|    explained_variance   | 0.166       |
|    learning_rate        | 0.0001      |
|    loss                 | -0.0129     |
|    n_updates            | 190         |
|    policy_gradient_loss | -0.0164     |
|    value_loss           | 0.0212      |
-----------------------------------------
-----------------------------------------
| oracle/                 |             |
|    keep                 | 0.828       |
| rollout/                |             |
|    ep_len_mean          | 48.2        |
|    ep_rew_mean          | -0.163      |
| time/                   |             |
|    fps                  | 2           |
|    iterations           | 21          |
|    time_elapsed         | 21073       |
|    total_timesteps      | 43008       |
| train/                  |             |
|    approx_kl            | 0.015397392 |
|    clip_fraction        | 0.074       |
|    clip_range           | 0.2         |
|    entropy_loss         | -0.229      |
|    explained_variance   | 0.13        |
|    learning_rate        | 0.0001      |
|    loss                 | -0.00237    |
|    n_updates            | 200         |
|    policy_gradient_loss | -0.0126     |
|    value_loss           | 0.0487      |
-----------------------------------------
-----------------------------------------
| oracle/                 |             |
|    keep                 | 0.82        |
| rollout/                |             |
|    ep_len_mean          | 46.4        |
|    ep_rew_mean          | -0.162      |
| time/                   |             |
|    fps                  | 1           |
|    iterations           | 22          |
|    time_elapsed         | 26611       |
|    total_timesteps      | 45056       |
| train/                  |             |
|    approx_kl            | 0.014115011 |
|    clip_fraction        | 0.074       |
|    clip_range           | 0.2         |
|    entropy_loss         | -0.226      |
|    explained_variance   | 0.262       |
|    learning_rate        | 0.0001      |
|    loss                 | -0.00837    |
|    n_updates            | 210         |
|    policy_gradient_loss | -0.0147     |
|    value_loss           | 0.0382      |
-----------------------------------------
-----------------------------------------
| oracle/                 |             |
|    keep                 | 0.812       |
| rollout/                |             |
|    ep_len_mean          | 46.7        |
|    ep_rew_mean          | -0.192      |
| time/                   |             |
|    fps                  | 1           |
|    iterations           | 23          |
|    time_elapsed         | 26735       |
|    total_timesteps      | 47104       |
| train/                  |             |
|    approx_kl            | 0.014635269 |
|    clip_fraction        | 0.0706      |
|    clip_range           | 0.2         |
|    entropy_loss         | -0.211      |
|    explained_variance   | 0.243       |
|    learning_rate        | 0.0001      |
|    loss                 | -0.0162     |
|    n_updates            | 220         |
|    policy_gradient_loss | -0.0144     |
|    value_loss           | 0.0311      |
-----------------------------------------
-----------------------------------------
| oracle/                 |             |
|    keep                 | 0.803       |
| rollout/                |             |
|    ep_len_mean          | 46.8        |
|    ep_rew_mean          | -0.202      |
| time/                   |             |
|    fps                  | 1           |
|    iterations           | 24          |
|    time_elapsed         | 33149       |
|    total_timesteps      | 49152       |
| train/                  |             |
|    approx_kl            | 0.015423228 |
|    clip_fraction        | 0.0784      |
|    clip_range           | 0.2         |
|    entropy_loss         | -0.217      |
|    explained_variance   | 0.209       |
|    learning_rate        | 0.0001      |
|    loss                 | -0.016      |
|    n_updates            | 230         |
|    policy_gradient_loss | -0.0154     |
|    value_loss           | 0.0235      |
-----------------------------------------
-----------------------------------------
| oracle/                 |             |
|    keep                 | 0.795       |
| rollout/                |             |
|    ep_len_mean          | 48.5        |
|    ep_rew_mean          | -0.21       |
| time/                   |             |
|    fps                  | 1           |
|    iterations           | 25          |
|    time_elapsed         | 36902       |
|    total_timesteps      | 51200       |
| train/                  |             |
|    approx_kl            | 0.018965585 |
|    clip_fraction        | 0.077       |
|    clip_range           | 0.2         |
|    entropy_loss         | -0.22       |
|    explained_variance   | 0.337       |
|    learning_rate        | 0.0001      |
|    loss                 | -0.0252     |
|    n_updates            | 240         |
|    policy_gradient_loss | -0.0185     |
|    value_loss           | 0.0156      |
-----------------------------------------
-----------------------------------------
| oracle/                 |             |
|    keep                 | 0.787       |
| rollout/                |             |
|    ep_len_mean          | 47.8        |
|    ep_rew_mean          | -0.201      |
| time/                   |             |
|    fps                  | 1           |
|    iterations           | 26          |
|    time_elapsed         | 37482       |
|    total_timesteps      | 53248       |
| train/                  |             |
|    approx_kl            | 0.020604577 |
|    clip_fraction        | 0.0874      |
|    clip_range           | 0.2         |
|    entropy_loss         | -0.22       |
|    explained_variance   | -0.0269     |
|    learning_rate        | 0.0001      |
|    loss                 | -0.0149     |
|    n_updates            | 250         |
|    policy_gradient_loss | -0.0153     |
|    value_loss           | 0.019       |
-----------------------------------------
----------------------------------------
| oracle/                 |            |
|    keep                 | 0.779      |
| rollout/                |            |
|    ep_len_mean          | 48.8       |
|    ep_rew_mean          | -0.197     |
| time/                   |            |
|    fps                  | 1          |
|    iterations           | 27         |
|    time_elapsed         | 37520      |
|    total_timesteps      | 55296      |
| train/                  |            |
|    approx_kl            | 0.01856358 |
|    clip_fraction        | 0.081      |
|    clip_range           | 0.2        |
|    entropy_loss         | -0.232     |
|    explained_variance   | 0.354      |
|    learning_rate        | 0.0001     |
|    loss                 | -0.0144    |
|    n_updates            | 260        |
|    policy_gradient_loss | -0.0137    |
|    value_loss           | 0.0363     |
----------------------------------------
-----------------------------------------
| oracle/                 |             |
|    keep                 | 0.771       |
| rollout/                |             |
|    ep_len_mean          | 48          |
|    ep_rew_mean          | -0.236      |
| time/                   |             |
|    fps                  | 1           |
|    iterations           | 28          |
|    time_elapsed         | 40748       |
|    total_timesteps      | 57344       |
| train/                  |             |
|    approx_kl            | 0.017063586 |
|    clip_fraction        | 0.0808      |
|    clip_range           | 0.2         |
|    entropy_loss         | -0.239      |
|    explained_variance   | 0.184       |
|    learning_rate        | 0.0001      |
|    loss                 | -0.0274     |
|    n_updates            | 270         |
|    policy_gradient_loss | -0.0167     |
|    value_loss           | 0.0184      |
-----------------------------------------
-----------------------------------------
| oracle/                 |             |
|    keep                 | 0.762       |
| rollout/                |             |
|    ep_len_mean          | 47.6        |
|    ep_rew_mean          | -0.243      |
| time/                   |             |
|    fps                  | 1           |
|    iterations           | 29          |
|    time_elapsed         | 44756       |
|    total_timesteps      | 59392       |
| train/                  |             |
|    approx_kl            | 0.017144606 |
|    clip_fraction        | 0.0802      |
|    clip_range           | 0.2         |
|    entropy_loss         | -0.236      |
|    explained_variance   | 0.303       |
|    learning_rate        | 0.0001      |
|    loss                 | -0.0185     |
|    n_updates            | 280         |
|    policy_gradient_loss | -0.0184     |
|    value_loss           | 0.0157      |
-----------------------------------------
----------------------------------------
| oracle/                 |            |
|    keep                 | 0.754      |
| rollout/                |            |
|    ep_len_mean          | 48.8       |
|    ep_rew_mean          | -0.23      |
| time/                   |            |
|    fps                  | 1          |
|    iterations           | 30         |
|    time_elapsed         | 46657      |
|    total_timesteps      | 61440      |
| train/                  |            |
|    approx_kl            | 0.02062793 |
|    clip_fraction        | 0.0913     |
|    clip_range           | 0.2        |
|    entropy_loss         | -0.26      |
|    explained_variance   | 0.349      |
|    learning_rate        | 0.0001     |
|    loss                 | -0.0152    |
|    n_updates            | 290        |
|    policy_gradient_loss | -0.0157    |
|    value_loss           | 0.0304     |
----------------------------------------
-----------------------------------------
| oracle/                 |             |
|    keep                 | 0.746       |
| rollout/                |             |
|    ep_len_mean          | 48          |
|    ep_rew_mean          | -0.191      |
| time/                   |             |
|    fps                  | 1           |
|    iterations           | 31          |
|    time_elapsed         | 46693       |
|    total_timesteps      | 63488       |
| train/                  |             |
|    approx_kl            | 0.018217633 |
|    clip_fraction        | 0.094       |
|    clip_range           | 0.2         |
|    entropy_loss         | -0.249      |
|    explained_variance   | 0.363       |
|    learning_rate        | 0.0001      |
|    loss                 | -0.0149     |
|    n_updates            | 300         |
|    policy_gradient_loss | -0.0169     |
|    value_loss           | 0.0175      |
-----------------------------------------
-----------------------------------------
| oracle/                 |             |
|    keep                 | 0.738       |
| rollout/                |             |
|    ep_len_mean          | 47.5        |
|    ep_rew_mean          | -0.167      |
| time/                   |             |
|    fps                  | 1           |
|    iterations           | 32          |
|    time_elapsed         | 46717       |
|    total_timesteps      | 65536       |
| train/                  |             |
|    approx_kl            | 0.017725965 |
|    clip_fraction        | 0.0856      |
|    clip_range           | 0.2         |
|    entropy_loss         | -0.26       |
|    explained_variance   | 0.195       |
|    learning_rate        | 0.0001      |
|    loss                 | -0.016      |
|    n_updates            | 310         |
|    policy_gradient_loss | -0.0155     |
|    value_loss           | 0.023       |
-----------------------------------------
-----------------------------------------
| oracle/                 |             |
|    keep                 | 0.73        |
| rollout/                |             |
|    ep_len_mean          | 44.7        |
|    ep_rew_mean          | -0.18       |
| time/                   |             |
|    fps                  | 1           |
|    iterations           | 33          |
|    time_elapsed         | 46745       |
|    total_timesteps      | 67584       |
| train/                  |             |
|    approx_kl            | 0.019001482 |
|    clip_fraction        | 0.0847      |
|    clip_range           | 0.2         |
|    entropy_loss         | -0.245      |
|    explained_variance   | 0.257       |
|    learning_rate        | 0.0001      |
|    loss                 | -0.0197     |
|    n_updates            | 320         |
|    policy_gradient_loss | -0.0153     |
|    value_loss           | 0.022       |
-----------------------------------------
-----------------------------------------
| oracle/                 |             |
|    keep                 | 0.721       |
| rollout/                |             |
|    ep_len_mean          | 48.6        |
|    ep_rew_mean          | -0.145      |
| time/                   |             |
|    fps                  | 1           |
|    iterations           | 34          |
|    time_elapsed         | 46779       |
|    total_timesteps      | 69632       |
| train/                  |             |
|    approx_kl            | 0.016357183 |
|    clip_fraction        | 0.0849      |
|    clip_range           | 0.2         |
|    entropy_loss         | -0.239      |
|    explained_variance   | 0.46        |
|    learning_rate        | 0.0001      |
|    loss                 | -0.0106     |
|    n_updates            | 330         |
|    policy_gradient_loss | -0.0164     |
|    value_loss           | 0.0239      |
-----------------------------------------
----------------------------------------
| oracle/                 |            |
|    keep                 | 0.713      |
| rollout/                |            |
|    ep_len_mean          | 50.9       |
|    ep_rew_mean          | -0.166     |
| time/                   |            |
|    fps                  | 1          |
|    iterations           | 35         |
|    time_elapsed         | 46807      |
|    total_timesteps      | 71680      |
| train/                  |            |
|    approx_kl            | 0.01900225 |
|    clip_fraction        | 0.0842     |
|    clip_range           | 0.2        |
|    entropy_loss         | -0.24      |
|    explained_variance   | 0.186      |
|    learning_rate        | 0.0001     |
|    loss                 | -0.0123    |
|    n_updates            | 340        |
|    policy_gradient_loss | -0.0132    |
|    value_loss           | 0.0304     |
----------------------------------------
-----------------------------------------
| oracle/                 |             |
|    keep                 | 0.705       |
| rollout/                |             |
|    ep_len_mean          | 50.2        |
|    ep_rew_mean          | -0.247      |
| time/                   |             |
|    fps                  | 1           |
|    iterations           | 36          |
|    time_elapsed         | 46840       |
|    total_timesteps      | 73728       |
| train/                  |             |
|    approx_kl            | 0.024205469 |
|    clip_fraction        | 0.1         |
|    clip_range           | 0.2         |
|    entropy_loss         | -0.271      |
|    explained_variance   | 0.355       |
|    learning_rate        | 0.0001      |
|    loss                 | -0.026      |
|    n_updates            | 350         |
|    policy_gradient_loss | -0.0184     |
|    value_loss           | 0.0147      |
-----------------------------------------
-----------------------------------------
| oracle/                 |             |
|    keep                 | 0.697       |
| rollout/                |             |
|    ep_len_mean          | 50.8        |
|    ep_rew_mean          | -0.212      |
| time/                   |             |
|    fps                  | 1           |
|    iterations           | 37          |
|    time_elapsed         | 46862       |
|    total_timesteps      | 75776       |
| train/                  |             |
|    approx_kl            | 0.016686529 |
|    clip_fraction        | 0.0916      |
|    clip_range           | 0.2         |
|    entropy_loss         | -0.25       |
|    explained_variance   | 0.346       |
|    learning_rate        | 0.0001      |
|    loss                 | -0.0251     |
|    n_updates            | 360         |
|    policy_gradient_loss | -0.0163     |
|    value_loss           | 0.0214      |
-----------------------------------------
----------------------------------------
| oracle/                 |            |
|    keep                 | 0.689      |
| rollout/                |            |
|    ep_len_mean          | 49.2       |
|    ep_rew_mean          | -0.223     |
| time/                   |            |
|    fps                  | 1          |
|    iterations           | 38         |
|    time_elapsed         | 46889      |
|    total_timesteps      | 77824      |
| train/                  |            |
|    approx_kl            | 0.01999586 |
|    clip_fraction        | 0.0911     |
|    clip_range           | 0.2        |
|    entropy_loss         | -0.248     |
|    explained_variance   | 0.324      |
|    learning_rate        | 0.0001     |
|    loss                 | -0.0213    |
|    n_updates            | 370        |
|    policy_gradient_loss | -0.0158    |
|    value_loss           | 0.0158     |
----------------------------------------
-----------------------------------------
| oracle/                 |             |
|    keep                 | 0.681       |
| rollout/                |             |
|    ep_len_mean          | 50.2        |
|    ep_rew_mean          | -0.194      |
| time/                   |             |
|    fps                  | 1           |
|    iterations           | 39          |
|    time_elapsed         | 46917       |
|    total_timesteps      | 79872       |
| train/                  |             |
|    approx_kl            | 0.020666337 |
|    clip_fraction        | 0.104       |
|    clip_range           | 0.2         |
|    entropy_loss         | -0.269      |
|    explained_variance   | 0.189       |
|    learning_rate        | 0.0001      |
|    loss                 | -0.0231     |
|    n_updates            | 380         |
|    policy_gradient_loss | -0.0179     |
|    value_loss           | 0.0211      |
-----------------------------------------
-----------------------------------------
| oracle/                 |             |
|    keep                 | 0.672       |
| rollout/                |             |
|    ep_len_mean          | 49.5        |
|    ep_rew_mean          | -0.244      |
| time/                   |             |
|    fps                  | 1           |
|    iterations           | 40          |
|    time_elapsed         | 46950       |
|    total_timesteps      | 81920       |
| train/                  |             |
|    approx_kl            | 0.020576946 |
|    clip_fraction        | 0.0894      |
|    clip_range           | 0.2         |
|    entropy_loss         | -0.272      |
|    explained_variance   | 0.536       |
|    learning_rate        | 0.0001      |
|    loss                 | -0.0202     |
|    n_updates            | 390         |
|    policy_gradient_loss | -0.0174     |
|    value_loss           | 0.0207      |
-----------------------------------------
----------------------------------------
| oracle/                 |            |
|    keep                 | 0.664      |
| rollout/                |            |
|    ep_len_mean          | 46.6       |
|    ep_rew_mean          | -0.271     |
| time/                   |            |
|    fps                  | 1          |
|    iterations           | 41         |
|    time_elapsed         | 46983      |
|    total_timesteps      | 83968      |
| train/                  |            |
|    approx_kl            | 0.01915535 |
|    clip_fraction        | 0.0987     |
|    clip_range           | 0.2        |
|    entropy_loss         | -0.272     |
|    explained_variance   | 0.484      |
|    learning_rate        | 0.0001     |
|    loss                 | -0.0251    |
|    n_updates            | 400        |
|    policy_gradient_loss | -0.0207    |
|    value_loss           | 0.0144     |
----------------------------------------
-----------------------------------------
| oracle/                 |             |
|    keep                 | 0.656       |
| rollout/                |             |
|    ep_len_mean          | 47.1        |
|    ep_rew_mean          | -0.172      |
| time/                   |             |
|    fps                  | 1           |
|    iterations           | 42          |
|    time_elapsed         | 47012       |
|    total_timesteps      | 86016       |
| train/                  |             |
|    approx_kl            | 0.017524589 |
|    clip_fraction        | 0.0867      |
|    clip_range           | 0.2         |
|    entropy_loss         | -0.271      |
|    explained_variance   | 0.378       |
|    learning_rate        | 0.0001      |
|    loss                 | -0.0177     |
|    n_updates            | 410         |
|    policy_gradient_loss | -0.0154     |
|    value_loss           | 0.019       |
-----------------------------------------
-----------------------------------------
| oracle/                 |             |
|    keep                 | 0.648       |
| rollout/                |             |
|    ep_len_mean          | 47.7        |
|    ep_rew_mean          | -0.159      |
| time/                   |             |
|    fps                  | 1           |
|    iterations           | 43          |
|    time_elapsed         | 47049       |
|    total_timesteps      | 88064       |
| train/                  |             |
|    approx_kl            | 0.018793495 |
|    clip_fraction        | 0.0862      |
|    clip_range           | 0.2         |
|    entropy_loss         | -0.238      |
|    explained_variance   | 0.359       |
|    learning_rate        | 0.0001      |
|    loss                 | -0.0126     |
|    n_updates            | 420         |
|    policy_gradient_loss | -0.013      |
|    value_loss           | 0.025       |
-----------------------------------------
-----------------------------------------
| oracle/                 |             |
|    keep                 | 0.64        |
| rollout/                |             |
|    ep_len_mean          | 48.7        |
|    ep_rew_mean          | -0.175      |
| time/                   |             |
|    fps                  | 1           |
|    iterations           | 44          |
|    time_elapsed         | 47080       |
|    total_timesteps      | 90112       |
| train/                  |             |
|    approx_kl            | 0.020318553 |
|    clip_fraction        | 0.086       |
|    clip_range           | 0.2         |
|    entropy_loss         | -0.254      |
|    explained_variance   | 0.103       |
|    learning_rate        | 0.0001      |
|    loss                 | -0.0161     |
|    n_updates            | 430         |
|    policy_gradient_loss | -0.0155     |
|    value_loss           | 0.0186      |
-----------------------------------------
-----------------------------------------
| oracle/                 |             |
|    keep                 | 0.631       |
| rollout/                |             |
|    ep_len_mean          | 48.5        |
|    ep_rew_mean          | -0.228      |
| time/                   |             |
|    fps                  | 1           |
|    iterations           | 45          |
|    time_elapsed         | 47112       |
|    total_timesteps      | 92160       |
| train/                  |             |
|    approx_kl            | 0.018723492 |
|    clip_fraction        | 0.0848      |
|    clip_range           | 0.2         |
|    entropy_loss         | -0.254      |
|    explained_variance   | 0.35        |
|    learning_rate        | 0.0001      |
|    loss                 | -0.0197     |
|    n_updates            | 440         |
|    policy_gradient_loss | -0.0171     |
|    value_loss           | 0.0192      |
-----------------------------------------
----------------------------------------
| oracle/                 |            |
|    keep                 | 0.623      |
| rollout/                |            |
|    ep_len_mean          | 47.8       |
|    ep_rew_mean          | -0.232     |
| time/                   |            |
|    fps                  | 1          |
|    iterations           | 46         |
|    time_elapsed         | 47146      |
|    total_timesteps      | 94208      |
| train/                  |            |
|    approx_kl            | 0.02227519 |
|    clip_fraction        | 0.0867     |
|    clip_range           | 0.2        |
|    entropy_loss         | -0.237     |
|    explained_variance   | 0.00349    |
|    learning_rate        | 0.0001     |
|    loss                 | -0.0194    |
|    n_updates            | 450        |
|    policy_gradient_loss | -0.016     |
|    value_loss           | 0.0122     |
----------------------------------------
-----------------------------------------
| oracle/                 |             |
|    keep                 | 0.615       |
| rollout/                |             |
|    ep_len_mean          | 48.5        |
|    ep_rew_mean          | -0.261      |
| time/                   |             |
|    fps                  | 2           |
|    iterations           | 47          |
|    time_elapsed         | 47184       |
|    total_timesteps      | 96256       |
| train/                  |             |
|    approx_kl            | 0.017572805 |
|    clip_fraction        | 0.0812      |
|    clip_range           | 0.2         |
|    entropy_loss         | -0.218      |
|    explained_variance   | 0.083       |
|    learning_rate        | 0.0001      |
|    loss                 | -0.0224     |
|    n_updates            | 460         |
|    policy_gradient_loss | -0.0174     |
|    value_loss           | 0.0121      |
-----------------------------------------
-----------------------------------------
| oracle/                 |             |
|    keep                 | 0.607       |
| rollout/                |             |
|    ep_len_mean          | 47.1        |
|    ep_rew_mean          | -0.254      |
| time/                   |             |
|    fps                  | 2           |
|    iterations           | 48          |
|    time_elapsed         | 47222       |
|    total_timesteps      | 98304       |
| train/                  |             |
|    approx_kl            | 0.020352133 |
|    clip_fraction        | 0.0838      |
|    clip_range           | 0.2         |
|    entropy_loss         | -0.226      |
|    explained_variance   | 0.264       |
|    learning_rate        | 0.0001      |
|    loss                 | -0.0179     |
|    n_updates            | 470         |
|    policy_gradient_loss | -0.0152     |
|    value_loss           | 0.0143      |
-----------------------------------------
-----------------------------------------
| oracle/                 |             |
|    keep                 | 0.599       |
| rollout/                |             |
|    ep_len_mean          | 46.3        |
|    ep_rew_mean          | -0.178      |
| time/                   |             |
|    fps                  | 2           |
|    iterations           | 49          |
|    time_elapsed         | 47264       |
|    total_timesteps      | 100352      |
| train/                  |             |
|    approx_kl            | 0.020798711 |
|    clip_fraction        | 0.0787      |
|    clip_range           | 0.2         |
|    entropy_loss         | -0.222      |
|    explained_variance   | 0.185       |
|    learning_rate        | 0.0001      |
|    loss                 | -0.0188     |
|    n_updates            | 480         |
|    policy_gradient_loss | -0.0136     |
|    value_loss           | 0.019       |
-----------------------------------------
-----------------------------------------
| oracle/                 |             |
|    keep                 | 0.59        |
| rollout/                |             |
|    ep_len_mean          | 47.4        |
|    ep_rew_mean          | -0.18       |
| time/                   |             |
|    fps                  | 2           |
|    iterations           | 50          |
|    time_elapsed         | 47298       |
|    total_timesteps      | 102400      |
| train/                  |             |
|    approx_kl            | 0.023922091 |
|    clip_fraction        | 0.0909      |
|    clip_range           | 0.2         |
|    entropy_loss         | -0.225      |
|    explained_variance   | 0.112       |
|    learning_rate        | 0.0001      |
|    loss                 | -0.0132     |
|    n_updates            | 490         |
|    policy_gradient_loss | -0.0147     |
|    value_loss           | 0.0244      |
-----------------------------------------
-----------------------------------------
| oracle/                 |             |
|    keep                 | 0.582       |
| rollout/                |             |
|    ep_len_mean          | 51.2        |
|    ep_rew_mean          | -0.176      |
| time/                   |             |
|    fps                  | 2           |
|    iterations           | 51          |
|    time_elapsed         | 47332       |
|    total_timesteps      | 104448      |
| train/                  |             |
|    approx_kl            | 0.019264642 |
|    clip_fraction        | 0.0805      |
|    clip_range           | 0.2         |
|    entropy_loss         | -0.214      |
|    explained_variance   | -0.0867     |
|    learning_rate        | 0.0001      |
|    loss                 | -0.0142     |
|    n_updates            | 500         |
|    policy_gradient_loss | -0.0133     |
|    value_loss           | 0.0189      |
-----------------------------------------
---------------------------------------
| oracle/                 |           |
|    keep                 | 0.574     |
| rollout/                |           |
|    ep_len_mean          | 53.3      |
|    ep_rew_mean          | -0.155    |
| time/                   |           |
|    fps                  | 2         |
|    iterations           | 52        |
|    time_elapsed         | 47371     |
|    total_timesteps      | 106496    |
| train/                  |           |
|    approx_kl            | 0.0216481 |
|    clip_fraction        | 0.0886    |
|    clip_range           | 0.2       |
|    entropy_loss         | -0.218    |
|    explained_variance   | 0.162     |
|    learning_rate        | 0.0001    |
|    loss                 | -0.0135   |
|    n_updates            | 510       |
|    policy_gradient_loss | -0.0133   |
|    value_loss           | 0.0184    |
---------------------------------------
-----------------------------------------
| oracle/                 |             |
|    keep                 | 0.566       |
| rollout/                |             |
|    ep_len_mean          | 51.4        |
|    ep_rew_mean          | -0.215      |
| time/                   |             |
|    fps                  | 2           |
|    iterations           | 53          |
|    time_elapsed         | 47415       |
|    total_timesteps      | 108544      |
| train/                  |             |
|    approx_kl            | 0.017670844 |
|    clip_fraction        | 0.0758      |
|    clip_range           | 0.2         |
|    entropy_loss         | -0.215      |
|    explained_variance   | 0.293       |
|    learning_rate        | 0.0001      |
|    loss                 | -0.0117     |
|    n_updates            | 520         |
|    policy_gradient_loss | -0.0132     |
|    value_loss           | 0.0118      |
-----------------------------------------
----------------------------------------
| oracle/                 |            |
|    keep                 | 0.558      |
| rollout/                |            |
|    ep_len_mean          | 48.7       |
|    ep_rew_mean          | -0.168     |
| time/                   |            |
|    fps                  | 2          |
|    iterations           | 54         |
|    time_elapsed         | 47453      |
|    total_timesteps      | 110592     |
| train/                  |            |
|    approx_kl            | 0.02550122 |
|    clip_fraction        | 0.0805     |
|    clip_range           | 0.2        |
|    entropy_loss         | -0.227     |
|    explained_variance   | 0.142      |
|    learning_rate        | 0.0001     |
|    loss                 | -0.0126    |
|    n_updates            | 530        |
|    policy_gradient_loss | -0.016     |
|    value_loss           | 0.0217     |
----------------------------------------
----------------------------------------
| oracle/                 |            |
|    keep                 | 0.549      |
| rollout/                |            |
|    ep_len_mean          | 49         |
|    ep_rew_mean          | -0.136     |
| time/                   |            |
|    fps                  | 2          |
|    iterations           | 55         |
|    time_elapsed         | 47486      |
|    total_timesteps      | 112640     |
| train/                  |            |
|    approx_kl            | 0.01994324 |
|    clip_fraction        | 0.0924     |
|    clip_range           | 0.2        |
|    entropy_loss         | -0.214     |
|    explained_variance   | 0.221      |
|    learning_rate        | 0.0001     |
|    loss                 | -0.0177    |
|    n_updates            | 540        |
|    policy_gradient_loss | -0.0148    |
|    value_loss           | 0.02       |
----------------------------------------
-----------------------------------------
| oracle/                 |             |
|    keep                 | 0.541       |
| rollout/                |             |
|    ep_len_mean          | 51.7        |
|    ep_rew_mean          | -0.138      |
| time/                   |             |
|    fps                  | 2           |
|    iterations           | 56          |
|    time_elapsed         | 47518       |
|    total_timesteps      | 114688      |
| train/                  |             |
|    approx_kl            | 0.020868264 |
|    clip_fraction        | 0.0809      |
|    clip_range           | 0.2         |
|    entropy_loss         | -0.214      |
|    explained_variance   | 0.378       |
|    learning_rate        | 0.0001      |
|    loss                 | -0.00834    |
|    n_updates            | 550         |
|    policy_gradient_loss | -0.0137     |
|    value_loss           | 0.023       |
-----------------------------------------
-----------------------------------------
| oracle/                 |             |
|    keep                 | 0.533       |
| rollout/                |             |
|    ep_len_mean          | 50.2        |
|    ep_rew_mean          | -0.2        |
| time/                   |             |
|    fps                  | 2           |
|    iterations           | 57          |
|    time_elapsed         | 47553       |
|    total_timesteps      | 116736      |
| train/                  |             |
|    approx_kl            | 0.017649442 |
|    clip_fraction        | 0.0904      |
|    clip_range           | 0.2         |
|    entropy_loss         | -0.217      |
|    explained_variance   | 0.282       |
|    learning_rate        | 0.0001      |
|    loss                 | -0.0183     |
|    n_updates            | 560         |
|    policy_gradient_loss | -0.0138     |
|    value_loss           | 0.0192      |
-----------------------------------------
-----------------------------------------
| oracle/                 |             |
|    keep                 | 0.525       |
| rollout/                |             |
|    ep_len_mean          | 48.9        |
|    ep_rew_mean          | -0.208      |
| time/                   |             |
|    fps                  | 2           |
|    iterations           | 58          |
|    time_elapsed         | 47604       |
|    total_timesteps      | 118784      |
| train/                  |             |
|    approx_kl            | 0.018524786 |
|    clip_fraction        | 0.0884      |
|    clip_range           | 0.2         |
|    entropy_loss         | -0.237      |
|    explained_variance   | 0.395       |
|    learning_rate        | 0.0001      |
|    loss                 | -0.0225     |
|    n_updates            | 570         |
|    policy_gradient_loss | -0.0188     |
|    value_loss           | 0.0115      |
-----------------------------------------
-----------------------------------------
| oracle/                 |             |
|    keep                 | 0.517       |
| rollout/                |             |
|    ep_len_mean          | 47          |
|    ep_rew_mean          | -0.252      |
| time/                   |             |
|    fps                  | 2           |
|    iterations           | 59          |
|    time_elapsed         | 47653       |
|    total_timesteps      | 120832      |
| train/                  |             |
|    approx_kl            | 0.021738732 |
|    clip_fraction        | 0.0751      |
|    clip_range           | 0.2         |
|    entropy_loss         | -0.225      |
|    explained_variance   | 0.236       |
|    learning_rate        | 0.0001      |
|    loss                 | -0.00985    |
|    n_updates            | 580         |
|    policy_gradient_loss | -0.0132     |
|    value_loss           | 0.0242      |
-----------------------------------------
-----------------------------------------
| oracle/                 |             |
|    keep                 | 0.508       |
| rollout/                |             |
|    ep_len_mean          | 46.6        |
|    ep_rew_mean          | -0.218      |
| time/                   |             |
|    fps                  | 2           |
|    iterations           | 60          |
|    time_elapsed         | 47703       |
|    total_timesteps      | 122880      |
| train/                  |             |
|    approx_kl            | 0.018529551 |
|    clip_fraction        | 0.0793      |
|    clip_range           | 0.2         |
|    entropy_loss         | -0.22       |
|    explained_variance   | 0.212       |
|    learning_rate        | 0.0001      |
|    loss                 | -0.0175     |
|    n_updates            | 590         |
|    policy_gradient_loss | -0.0137     |
|    value_loss           | 0.0258      |
-----------------------------------------
-----------------------------------------
| oracle/                 |             |
|    keep                 | 0.5         |
| rollout/                |             |
|    ep_len_mean          | 50.5        |
|    ep_rew_mean          | -0.212      |
| time/                   |             |
|    fps                  | 2           |
|    iterations           | 61          |
|    time_elapsed         | 47744       |
|    total_timesteps      | 124928      |
| train/                  |             |
|    approx_kl            | 0.019637194 |
|    clip_fraction        | 0.0826      |
|    clip_range           | 0.2         |
|    entropy_loss         | -0.228      |
|    explained_variance   | 0.456       |
|    learning_rate        | 0.0001      |
|    loss                 | -0.0114     |
|    n_updates            | 600         |
|    policy_gradient_loss | -0.014      |
|    value_loss           | 0.0259      |
-----------------------------------------
-----------------------------------------
| oracle/                 |             |
|    keep                 | 0.492       |
| rollout/                |             |
|    ep_len_mean          | 50.7        |
|    ep_rew_mean          | -0.209      |
| time/                   |             |
|    fps                  | 2           |
|    iterations           | 62          |
|    time_elapsed         | 47787       |
|    total_timesteps      | 126976      |
| train/                  |             |
|    approx_kl            | 0.016379584 |
|    clip_fraction        | 0.0813      |
|    clip_range           | 0.2         |
|    entropy_loss         | -0.227      |
|    explained_variance   | 0.264       |
|    learning_rate        | 0.0001      |
|    loss                 | -0.00511    |
|    n_updates            | 610         |
|    policy_gradient_loss | -0.0128     |
|    value_loss           | 0.0438      |
-----------------------------------------
-----------------------------------------
| oracle/                 |             |
|    keep                 | 0.484       |
| rollout/                |             |
|    ep_len_mean          | 48.9        |
|    ep_rew_mean          | -0.211      |
| time/                   |             |
|    fps                  | 2           |
|    iterations           | 63          |
|    time_elapsed         | 47828       |
|    total_timesteps      | 129024      |
| train/                  |             |
|    approx_kl            | 0.021564184 |
|    clip_fraction        | 0.0773      |
|    clip_range           | 0.2         |
|    entropy_loss         | -0.22       |
|    explained_variance   | 0.299       |
|    learning_rate        | 0.0001      |
|    loss                 | -0.0197     |
|    n_updates            | 620         |
|    policy_gradient_loss | -0.0134     |
|    value_loss           | 0.0227      |
-----------------------------------------
-----------------------------------------
| oracle/                 |             |
|    keep                 | 0.476       |
| rollout/                |             |
|    ep_len_mean          | 47.6        |
|    ep_rew_mean          | -0.179      |
| time/                   |             |
|    fps                  | 2           |
|    iterations           | 64          |
|    time_elapsed         | 47881       |
|    total_timesteps      | 131072      |
| train/                  |             |
|    approx_kl            | 0.023184344 |
|    clip_fraction        | 0.0829      |
|    clip_range           | 0.2         |
|    entropy_loss         | -0.234      |
|    explained_variance   | 0.375       |
|    learning_rate        | 0.0001      |
|    loss                 | -0.022      |
|    n_updates            | 630         |
|    policy_gradient_loss | -0.0169     |
|    value_loss           | 0.0171      |
-----------------------------------------
-----------------------------------------
| oracle/                 |             |
|    keep                 | 0.468       |
| rollout/                |             |
|    ep_len_mean          | 50.8        |
|    ep_rew_mean          | -0.21       |
| time/                   |             |
|    fps                  | 2           |
|    iterations           | 65          |
|    time_elapsed         | 47929       |
|    total_timesteps      | 133120      |
| train/                  |             |
|    approx_kl            | 0.022247676 |
|    clip_fraction        | 0.0821      |
|    clip_range           | 0.2         |
|    entropy_loss         | -0.224      |
|    explained_variance   | 0.0822      |
|    learning_rate        | 0.0001      |
|    loss                 | -0.0108     |
|    n_updates            | 640         |
|    policy_gradient_loss | -0.0123     |
|    value_loss           | 0.0246      |
-----------------------------------------
-----------------------------------------
| oracle/                 |             |
|    keep                 | 0.459       |
| rollout/                |             |
|    ep_len_mean          | 51.7        |
|    ep_rew_mean          | -0.235      |
| time/                   |             |
|    fps                  | 2           |
|    iterations           | 66          |
|    time_elapsed         | 47969       |
|    total_timesteps      | 135168      |
| train/                  |             |
|    approx_kl            | 0.022592334 |
|    clip_fraction        | 0.0903      |
|    clip_range           | 0.2         |
|    entropy_loss         | -0.232      |
|    explained_variance   | -0.113      |
|    learning_rate        | 0.0001      |
|    loss                 | -0.0127     |
|    n_updates            | 650         |
|    policy_gradient_loss | -0.0154     |
|    value_loss           | 0.0225      |
-----------------------------------------
-----------------------------------------
| oracle/                 |             |
|    keep                 | 0.451       |
| rollout/                |             |
|    ep_len_mean          | 52.7        |
|    ep_rew_mean          | -0.265      |
| time/                   |             |
|    fps                  | 2           |
|    iterations           | 67          |
|    time_elapsed         | 48008       |
|    total_timesteps      | 137216      |
| train/                  |             |
|    approx_kl            | 0.020866077 |
|    clip_fraction        | 0.0889      |
|    clip_range           | 0.2         |
|    entropy_loss         | -0.22       |
|    explained_variance   | 0.0936      |
|    learning_rate        | 0.0001      |
|    loss                 | -0.0177     |
|    n_updates            | 660         |
|    policy_gradient_loss | -0.0152     |
|    value_loss           | 0.017       |
-----------------------------------------
-----------------------------------------
| oracle/                 |             |
|    keep                 | 0.443       |
| rollout/                |             |
|    ep_len_mean          | 51.7        |
|    ep_rew_mean          | -0.213      |
| time/                   |             |
|    fps                  | 2           |
|    iterations           | 68          |
|    time_elapsed         | 48045       |
|    total_timesteps      | 139264      |
| train/                  |             |
|    approx_kl            | 0.022200134 |
|    clip_fraction        | 0.0833      |
|    clip_range           | 0.2         |
|    entropy_loss         | -0.215      |
|    explained_variance   | -0.0381     |
|    learning_rate        | 0.0001      |
|    loss                 | -0.0255     |
|    n_updates            | 670         |
|    policy_gradient_loss | -0.0185     |
|    value_loss           | 0.01        |
-----------------------------------------
-----------------------------------------
| oracle/                 |             |
|    keep                 | 0.435       |
| rollout/                |             |
|    ep_len_mean          | 49.5        |
|    ep_rew_mean          | -0.192      |
| time/                   |             |
|    fps                  | 2           |
|    iterations           | 69          |
|    time_elapsed         | 48083       |
|    total_timesteps      | 141312      |
| train/                  |             |
|    approx_kl            | 0.022204908 |
|    clip_fraction        | 0.0811      |
|    clip_range           | 0.2         |
|    entropy_loss         | -0.225      |
|    explained_variance   | 0.384       |
|    learning_rate        | 0.0001      |
|    loss                 | -0.0179     |
|    n_updates            | 680         |
|    policy_gradient_loss | -0.0155     |
|    value_loss           | 0.0125      |
-----------------------------------------
---------------------------------------
| oracle/                 |           |
|    keep                 | 0.427     |
| rollout/                |           |
|    ep_len_mean          | 48.4      |
|    ep_rew_mean          | -0.218    |
| time/                   |           |
|    fps                  | 2         |
|    iterations           | 70        |
|    time_elapsed         | 48127     |
|    total_timesteps      | 143360    |
| train/                  |           |
|    approx_kl            | 0.0228735 |
|    clip_fraction        | 0.0929    |
|    clip_range           | 0.2       |
|    entropy_loss         | -0.238    |
|    explained_variance   | 0.413     |
|    learning_rate        | 0.0001    |
|    loss                 | -0.0184   |
|    n_updates            | 690       |
|    policy_gradient_loss | -0.016    |
|    value_loss           | 0.0224    |
---------------------------------------
-----------------------------------------
| oracle/                 |             |
|    keep                 | 0.418       |
| rollout/                |             |
|    ep_len_mean          | 49.2        |
|    ep_rew_mean          | -0.227      |
| time/                   |             |
|    fps                  | 3           |
|    iterations           | 71          |
|    time_elapsed         | 48174       |
|    total_timesteps      | 145408      |
| train/                  |             |
|    approx_kl            | 0.025955584 |
|    clip_fraction        | 0.0964      |
|    clip_range           | 0.2         |
|    entropy_loss         | -0.241      |
|    explained_variance   | 0.309       |
|    learning_rate        | 0.0001      |
|    loss                 | -0.0283     |
|    n_updates            | 700         |
|    policy_gradient_loss | -0.018      |
|    value_loss           | 0.0135      |
-----------------------------------------
-----------------------------------------
| oracle/                 |             |
|    keep                 | 0.41        |
| rollout/                |             |
|    ep_len_mean          | 50.6        |
|    ep_rew_mean          | -0.203      |
| time/                   |             |
|    fps                  | 3           |
|    iterations           | 72          |
|    time_elapsed         | 48220       |
|    total_timesteps      | 147456      |
| train/                  |             |
|    approx_kl            | 0.017514268 |
|    clip_fraction        | 0.083       |
|    clip_range           | 0.2         |
|    entropy_loss         | -0.238      |
|    explained_variance   | 0.287       |
|    learning_rate        | 0.0001      |
|    loss                 | -0.0109     |
|    n_updates            | 710         |
|    policy_gradient_loss | -0.0136     |
|    value_loss           | 0.025       |
-----------------------------------------
-----------------------------------------
| oracle/                 |             |
|    keep                 | 0.402       |
| rollout/                |             |
|    ep_len_mean          | 50.1        |
|    ep_rew_mean          | -0.162      |
| time/                   |             |
|    fps                  | 3           |
|    iterations           | 73          |
|    time_elapsed         | 48263       |
|    total_timesteps      | 149504      |
| train/                  |             |
|    approx_kl            | 0.024540367 |
|    clip_fraction        | 0.0937      |
|    clip_range           | 0.2         |
|    entropy_loss         | -0.249      |
|    explained_variance   | 0.546       |
|    learning_rate        | 0.0001      |
|    loss                 | -0.0155     |
|    n_updates            | 720         |
|    policy_gradient_loss | -0.015      |
|    value_loss           | 0.0157      |
-----------------------------------------
-----------------------------------------
| oracle/                 |             |
|    keep                 | 0.394       |
| rollout/                |             |
|    ep_len_mean          | 52.1        |
|    ep_rew_mean          | -0.2        |
| time/                   |             |
|    fps                  | 3           |
|    iterations           | 74          |
|    time_elapsed         | 48312       |
|    total_timesteps      | 151552      |
| train/                  |             |
|    approx_kl            | 0.021846639 |
|    clip_fraction        | 0.0893      |
|    clip_range           | 0.2         |
|    entropy_loss         | -0.238      |
|    explained_variance   | 0.546       |
|    learning_rate        | 0.0001      |
|    loss                 | -0.0157     |
|    n_updates            | 730         |
|    policy_gradient_loss | -0.0158     |
|    value_loss           | 0.0186      |
-----------------------------------------
-----------------------------------------
| oracle/                 |             |
|    keep                 | 0.386       |
| rollout/                |             |
|    ep_len_mean          | 53.5        |
|    ep_rew_mean          | -0.202      |
| time/                   |             |
|    fps                  | 3           |
|    iterations           | 75          |
|    time_elapsed         | 48358       |
|    total_timesteps      | 153600      |
| train/                  |             |
|    approx_kl            | 0.021697294 |
|    clip_fraction        | 0.0883      |
|    clip_range           | 0.2         |
|    entropy_loss         | -0.225      |
|    explained_variance   | 0.164       |
|    learning_rate        | 0.0001      |
|    loss                 | -0.0204     |
|    n_updates            | 740         |
|    policy_gradient_loss | -0.0167     |
|    value_loss           | 0.0113      |
-----------------------------------------
-----------------------------------------
| oracle/                 |             |
|    keep                 | 0.377       |
| rollout/                |             |
|    ep_len_mean          | 53.8        |
|    ep_rew_mean          | -0.199      |
| time/                   |             |
|    fps                  | 3           |
|    iterations           | 76          |
|    time_elapsed         | 48404       |
|    total_timesteps      | 155648      |
| train/                  |             |
|    approx_kl            | 0.023310406 |
|    clip_fraction        | 0.0913      |
|    clip_range           | 0.2         |
|    entropy_loss         | -0.226      |
|    explained_variance   | 0.584       |
|    learning_rate        | 0.0001      |
|    loss                 | -0.0201     |
|    n_updates            | 750         |
|    policy_gradient_loss | -0.0142     |
|    value_loss           | 0.0111      |
-----------------------------------------
-----------------------------------------
| oracle/                 |             |
|    keep                 | 0.369       |
| rollout/                |             |
|    ep_len_mean          | 51.4        |
|    ep_rew_mean          | -0.211      |
| time/                   |             |
|    fps                  | 3           |
|    iterations           | 77          |
|    time_elapsed         | 48452       |
|    total_timesteps      | 157696      |
| train/                  |             |
|    approx_kl            | 0.020562518 |
|    clip_fraction        | 0.0818      |
|    clip_range           | 0.2         |
|    entropy_loss         | -0.235      |
|    explained_variance   | 0.598       |
|    learning_rate        | 0.0001      |
|    loss                 | -0.0218     |
|    n_updates            | 760         |
|    policy_gradient_loss | -0.0162     |
|    value_loss           | 0.0092      |
-----------------------------------------
----------------------------------------
| oracle/                 |            |
|    keep                 | 0.361      |
| rollout/                |            |
|    ep_len_mean          | 49.3       |
|    ep_rew_mean          | -0.247     |
| time/                   |            |
|    fps                  | 3          |
|    iterations           | 78         |
|    time_elapsed         | 48501      |
|    total_timesteps      | 159744     |
| train/                  |            |
|    approx_kl            | 0.02708693 |
|    clip_fraction        | 0.101      |
|    clip_range           | 0.2        |
|    entropy_loss         | -0.241     |
|    explained_variance   | 0.374      |
|    learning_rate        | 0.0001     |
|    loss                 | -0.0214    |
|    n_updates            | 770        |
|    policy_gradient_loss | -0.0153    |
|    value_loss           | 0.0155     |
----------------------------------------
-----------------------------------------
| oracle/                 |             |
|    keep                 | 0.353       |
| rollout/                |             |
|    ep_len_mean          | 48.3        |
|    ep_rew_mean          | -0.247      |
| time/                   |             |
|    fps                  | 3           |
|    iterations           | 79          |
|    time_elapsed         | 48537       |
|    total_timesteps      | 161792      |
| train/                  |             |
|    approx_kl            | 0.021405274 |
|    clip_fraction        | 0.0855      |
|    clip_range           | 0.2         |
|    entropy_loss         | -0.251      |
|    explained_variance   | 0.318       |
|    learning_rate        | 0.0001      |
|    loss                 | -0.016      |
|    n_updates            | 780         |
|    policy_gradient_loss | -0.0156     |
|    value_loss           | 0.0166      |
-----------------------------------------
---------------------------------------
| oracle/                 |           |
|    keep                 | 0.345     |
| rollout/                |           |
|    ep_len_mean          | 49.9      |
|    ep_rew_mean          | -0.231    |
| time/                   |           |
|    fps                  | 3         |
|    iterations           | 80        |
|    time_elapsed         | 48561     |
|    total_timesteps      | 163840    |
| train/                  |           |
|    approx_kl            | 0.0213417 |
|    clip_fraction        | 0.0859    |
|    clip_range           | 0.2       |
|    entropy_loss         | -0.233    |
|    explained_variance   | 0.437     |
|    learning_rate        | 0.0001    |
|    loss                 | -0.0164   |
|    n_updates            | 790       |
|    policy_gradient_loss | -0.0149   |
|    value_loss           | 0.0122    |
---------------------------------------
----------------------------------------
| oracle/                 |            |
|    keep                 | 0.336      |
| rollout/                |            |
|    ep_len_mean          | 51.8       |
|    ep_rew_mean          | -0.27      |
| time/                   |            |
|    fps                  | 3          |
|    iterations           | 81         |
|    time_elapsed         | 48585      |
|    total_timesteps      | 165888     |
| train/                  |            |
|    approx_kl            | 0.02034406 |
|    clip_fraction        | 0.0799     |
|    clip_range           | 0.2        |
|    entropy_loss         | -0.23      |
|    explained_variance   | 0.468      |
|    learning_rate        | 0.0001     |
|    loss                 | -0.0162    |
|    n_updates            | 800        |
|    policy_gradient_loss | -0.0143    |
|    value_loss           | 0.0116     |
----------------------------------------
-----------------------------------------
| oracle/                 |             |
|    keep                 | 0.328       |
| rollout/                |             |
|    ep_len_mean          | 50.5        |
|    ep_rew_mean          | -0.264      |
| time/                   |             |
|    fps                  | 3           |
|    iterations           | 82          |
|    time_elapsed         | 48610       |
|    total_timesteps      | 167936      |
| train/                  |             |
|    approx_kl            | 0.017812485 |
|    clip_fraction        | 0.0802      |
|    clip_range           | 0.2         |
|    entropy_loss         | -0.248      |
|    explained_variance   | 0.226       |
|    learning_rate        | 0.0001      |
|    loss                 | 0.00233     |
|    n_updates            | 810         |
|    policy_gradient_loss | -0.00974    |
|    value_loss           | 0.0565      |
-----------------------------------------
---------------------------------------
| oracle/                 |           |
|    keep                 | 0.32      |
| rollout/                |           |
|    ep_len_mean          | 51.5      |
|    ep_rew_mean          | -0.268    |
| time/                   |           |
|    fps                  | 3         |
|    iterations           | 83        |
|    time_elapsed         | 48635     |
|    total_timesteps      | 169984    |
| train/                  |           |
|    approx_kl            | 0.0186383 |
|    clip_fraction        | 0.0877    |
|    clip_range           | 0.2       |
|    entropy_loss         | -0.265    |
|    explained_variance   | 0.346     |
|    learning_rate        | 0.0001    |
|    loss                 | -0.0107   |
|    n_updates            | 820       |
|    policy_gradient_loss | -0.0138   |
|    value_loss           | 0.0217    |
---------------------------------------
-----------------------------------------
| oracle/                 |             |
|    keep                 | 0.312       |
| rollout/                |             |
|    ep_len_mean          | 51.9        |
|    ep_rew_mean          | -0.241      |
| time/                   |             |
|    fps                  | 3           |
|    iterations           | 84          |
|    time_elapsed         | 48663       |
|    total_timesteps      | 172032      |
| train/                  |             |
|    approx_kl            | 0.020737033 |
|    clip_fraction        | 0.0926      |
|    clip_range           | 0.2         |
|    entropy_loss         | -0.252      |
|    explained_variance   | 0.469       |
|    learning_rate        | 0.0001      |
|    loss                 | -0.0206     |
|    n_updates            | 830         |
|    policy_gradient_loss | -0.0154     |
|    value_loss           | 0.0245      |
-----------------------------------------
-----------------------------------------
| oracle/                 |             |
|    keep                 | 0.304       |
| rollout/                |             |
|    ep_len_mean          | 50.9        |
|    ep_rew_mean          | -0.243      |
| time/                   |             |
|    fps                  | 3           |
|    iterations           | 85          |
|    time_elapsed         | 48691       |
|    total_timesteps      | 174080      |
| train/                  |             |
|    approx_kl            | 0.025097929 |
|    clip_fraction        | 0.0921      |
|    clip_range           | 0.2         |
|    entropy_loss         | -0.238      |
|    explained_variance   | 0.022       |
|    learning_rate        | 0.0001      |
|    loss                 | -0.0226     |
|    n_updates            | 840         |
|    policy_gradient_loss | -0.0172     |
|    value_loss           | 0.0116      |
-----------------------------------------
-----------------------------------------
| oracle/                 |             |
|    keep                 | 0.295       |
| rollout/                |             |
|    ep_len_mean          | 48.6        |
|    ep_rew_mean          | -0.215      |
| time/                   |             |
|    fps                  | 3           |
|    iterations           | 86          |
|    time_elapsed         | 48714       |
|    total_timesteps      | 176128      |
| train/                  |             |
|    approx_kl            | 0.020829348 |
|    clip_fraction        | 0.0866      |
|    clip_range           | 0.2         |
|    entropy_loss         | -0.226      |
|    explained_variance   | 0.215       |
|    learning_rate        | 0.0001      |
|    loss                 | -0.0174     |
|    n_updates            | 850         |
|    policy_gradient_loss | -0.0158     |
|    value_loss           | 0.0137      |
-----------------------------------------
-----------------------------------------
| oracle/                 |             |
|    keep                 | 0.287       |
| rollout/                |             |
|    ep_len_mean          | 49.5        |
|    ep_rew_mean          | -0.216      |
| time/                   |             |
|    fps                  | 3           |
|    iterations           | 87          |
|    time_elapsed         | 48735       |
|    total_timesteps      | 178176      |
| train/                  |             |
|    approx_kl            | 0.019308921 |
|    clip_fraction        | 0.0873      |
|    clip_range           | 0.2         |
|    entropy_loss         | -0.231      |
|    explained_variance   | 0.00446     |
|    learning_rate        | 0.0001      |
|    loss                 | -0.00864    |
|    n_updates            | 860         |
|    policy_gradient_loss | -0.0137     |
|    value_loss           | 0.0209      |
-----------------------------------------
-----------------------------------------
| oracle/                 |             |
|    keep                 | 0.279       |
| rollout/                |             |
|    ep_len_mean          | 50.2        |
|    ep_rew_mean          | -0.233      |
| time/                   |             |
|    fps                  | 3           |
|    iterations           | 88          |
|    time_elapsed         | 48758       |
|    total_timesteps      | 180224      |
| train/                  |             |
|    approx_kl            | 0.023204457 |
|    clip_fraction        | 0.0825      |
|    clip_range           | 0.2         |
|    entropy_loss         | -0.216      |
|    explained_variance   | 0.112       |
|    learning_rate        | 0.0001      |
|    loss                 | -0.0104     |
|    n_updates            | 870         |
|    policy_gradient_loss | -0.0133     |
|    value_loss           | 0.022       |
-----------------------------------------
-----------------------------------------
| oracle/                 |             |
|    keep                 | 0.271       |
| rollout/                |             |
|    ep_len_mean          | 50.3        |
|    ep_rew_mean          | -0.232      |
| time/                   |             |
|    fps                  | 3           |
|    iterations           | 89          |
|    time_elapsed         | 48782       |
|    total_timesteps      | 182272      |
| train/                  |             |
|    approx_kl            | 0.023977851 |
|    clip_fraction        | 0.088       |
|    clip_range           | 0.2         |
|    entropy_loss         | -0.224      |
|    explained_variance   | -0.0647     |
|    learning_rate        | 0.0001      |
|    loss                 | -0.0113     |
|    n_updates            | 880         |
|    policy_gradient_loss | -0.0133     |
|    value_loss           | 0.0179      |
-----------------------------------------
-----------------------------------------
| oracle/                 |             |
|    keep                 | 0.263       |
| rollout/                |             |
|    ep_len_mean          | 47.9        |
|    ep_rew_mean          | -0.209      |
| time/                   |             |
|    fps                  | 3           |
|    iterations           | 90          |
|    time_elapsed         | 48807       |
|    total_timesteps      | 184320      |
| train/                  |             |
|    approx_kl            | 0.023475323 |
|    clip_fraction        | 0.0868      |
|    clip_range           | 0.2         |
|    entropy_loss         | -0.225      |
|    explained_variance   | 0.303       |
|    learning_rate        | 0.0001      |
|    loss                 | -0.0216     |
|    n_updates            | 890         |
|    policy_gradient_loss | -0.0155     |
|    value_loss           | 0.011       |
-----------------------------------------
----------------------------------------
| oracle/                 |            |
|    keep                 | 0.255      |
| rollout/                |            |
|    ep_len_mean          | 46.2       |
|    ep_rew_mean          | -0.2       |
| time/                   |            |
|    fps                  | 3          |
|    iterations           | 91         |
|    time_elapsed         | 48834      |
|    total_timesteps      | 186368     |
| train/                  |            |
|    approx_kl            | 0.02437961 |
|    clip_fraction        | 0.0864     |
|    clip_range           | 0.2        |
|    entropy_loss         | -0.211     |
|    explained_variance   | 0.228      |
|    learning_rate        | 0.0001     |
|    loss                 | -0.0117    |
|    n_updates            | 900        |
|    policy_gradient_loss | -0.0139    |
|    value_loss           | 0.0169     |
----------------------------------------
-----------------------------------------
| oracle/                 |             |
|    keep                 | 0.246       |
| rollout/                |             |
|    ep_len_mean          | 46.4        |
|    ep_rew_mean          | -0.215      |
| time/                   |             |
|    fps                  | 3           |
|    iterations           | 92          |
|    time_elapsed         | 48861       |
|    total_timesteps      | 188416      |
| train/                  |             |
|    approx_kl            | 0.028589122 |
|    clip_fraction        | 0.0893      |
|    clip_range           | 0.2         |
|    entropy_loss         | -0.211      |
|    explained_variance   | 0.276       |
|    learning_rate        | 0.0001      |
|    loss                 | -0.0218     |
|    n_updates            | 910         |
|    policy_gradient_loss | -0.0169     |
|    value_loss           | 0.0217      |
-----------------------------------------
-----------------------------------------
| oracle/                 |             |
|    keep                 | 0.238       |
| rollout/                |             |
|    ep_len_mean          | 47.9        |
|    ep_rew_mean          | -0.215      |
| time/                   |             |
|    fps                  | 3           |
|    iterations           | 93          |
|    time_elapsed         | 48894       |
|    total_timesteps      | 190464      |
| train/                  |             |
|    approx_kl            | 0.023511056 |
|    clip_fraction        | 0.0867      |
|    clip_range           | 0.2         |
|    entropy_loss         | -0.215      |
|    explained_variance   | 0.472       |
|    learning_rate        | 0.0001      |
|    loss                 | -0.0181     |
|    n_updates            | 920         |
|    policy_gradient_loss | -0.0157     |
|    value_loss           | 0.0126      |
-----------------------------------------
-----------------------------------------
| oracle/                 |             |
|    keep                 | 0.23        |
| rollout/                |             |
|    ep_len_mean          | 51.2        |
|    ep_rew_mean          | -0.245      |
| time/                   |             |
|    fps                  | 3           |
|    iterations           | 94          |
|    time_elapsed         | 48962       |
|    total_timesteps      | 192512      |
| train/                  |             |
|    approx_kl            | 0.024235193 |
|    clip_fraction        | 0.0837      |
|    clip_range           | 0.2         |
|    entropy_loss         | -0.202      |
|    explained_variance   | 0.51        |
|    learning_rate        | 0.0001      |
|    loss                 | -0.0228     |
|    n_updates            | 930         |
|    policy_gradient_loss | -0.0156     |
|    value_loss           | 0.0144      |
-----------------------------------------
-----------------------------------------
| oracle/                 |             |
|    keep                 | 0.222       |
| rollout/                |             |
|    ep_len_mean          | 51.6        |
|    ep_rew_mean          | -0.231      |
| time/                   |             |
|    fps                  | 3           |
|    iterations           | 95          |
|    time_elapsed         | 49036       |
|    total_timesteps      | 194560      |
| train/                  |             |
|    approx_kl            | 0.022959275 |
|    clip_fraction        | 0.0816      |
|    clip_range           | 0.2         |
|    entropy_loss         | -0.206      |
|    explained_variance   | 0.484       |
|    learning_rate        | 0.0001      |
|    loss                 | -0.0134     |
|    n_updates            | 940         |
|    policy_gradient_loss | -0.0137     |
|    value_loss           | 0.0234      |
-----------------------------------------
-----------------------------------------
| oracle/                 |             |
|    keep                 | 0.214       |
| rollout/                |             |
|    ep_len_mean          | 49.7        |
|    ep_rew_mean          | -0.231      |
| time/                   |             |
|    fps                  | 4           |
|    iterations           | 96          |
|    time_elapsed         | 49098       |
|    total_timesteps      | 196608      |
| train/                  |             |
|    approx_kl            | 0.021434583 |
|    clip_fraction        | 0.0782      |
|    clip_range           | 0.2         |
|    entropy_loss         | -0.192      |
|    explained_variance   | 0.357       |
|    learning_rate        | 0.0001      |
|    loss                 | -0.0179     |
|    n_updates            | 950         |
|    policy_gradient_loss | -0.0161     |
|    value_loss           | 0.0182      |
-----------------------------------------
-----------------------------------------
| oracle/                 |             |
|    keep                 | 0.205       |
| rollout/                |             |
|    ep_len_mean          | 47.5        |
|    ep_rew_mean          | -0.263      |
| time/                   |             |
|    fps                  | 4           |
|    iterations           | 97          |
|    time_elapsed         | 49160       |
|    total_timesteps      | 198656      |
| train/                  |             |
|    approx_kl            | 0.023815913 |
|    clip_fraction        | 0.078       |
|    clip_range           | 0.2         |
|    entropy_loss         | -0.192      |
|    explained_variance   | 0.452       |
|    learning_rate        | 0.0001      |
|    loss                 | -0.0253     |
|    n_updates            | 960         |
|    policy_gradient_loss | -0.0175     |
|    value_loss           | 0.0112      |
-----------------------------------------
-----------------------------------------
| oracle/                 |             |
|    keep                 | 0.197       |
| rollout/                |             |
|    ep_len_mean          | 44.9        |
|    ep_rew_mean          | -0.247      |
| time/                   |             |
|    fps                  | 4           |
|    iterations           | 98          |
|    time_elapsed         | 49216       |
|    total_timesteps      | 200704      |
| train/                  |             |
|    approx_kl            | 0.020730231 |
|    clip_fraction        | 0.0828      |
|    clip_range           | 0.2         |
|    entropy_loss         | -0.2        |
|    explained_variance   | 0.0689      |
|    learning_rate        | 0.0001      |
|    loss                 | -0.0158     |
|    n_updates            | 970         |
|    policy_gradient_loss | -0.0119     |
|    value_loss           | 0.0204      |
-----------------------------------------
-----------------------------------------
| oracle/                 |             |
|    keep                 | 0.189       |
| rollout/                |             |
|    ep_len_mean          | 48          |
|    ep_rew_mean          | -0.195      |
| time/                   |             |
|    fps                  | 4           |
|    iterations           | 99          |
|    time_elapsed         | 49273       |
|    total_timesteps      | 202752      |
| train/                  |             |
|    approx_kl            | 0.022793608 |
|    clip_fraction        | 0.0788      |
|    clip_range           | 0.2         |
|    entropy_loss         | -0.188      |
|    explained_variance   | 0.494       |
|    learning_rate        | 0.0001      |
|    loss                 | -0.0194     |
|    n_updates            | 980         |
|    policy_gradient_loss | -0.0141     |
|    value_loss           | 0.0126      |
-----------------------------------------
----------------------------------------
| oracle/                 |            |
|    keep                 | 0.181      |
| rollout/                |            |
|    ep_len_mean          | 47         |
|    ep_rew_mean          | -0.171     |
| time/                   |            |
|    fps                  | 4          |
|    iterations           | 100        |
|    time_elapsed         | 49329      |
|    total_timesteps      | 204800     |
| train/                  |            |
|    approx_kl            | 0.02432511 |
|    clip_fraction        | 0.074      |
|    clip_range           | 0.2        |
|    entropy_loss         | -0.191     |
|    explained_variance   | 0.217      |
|    learning_rate        | 0.0001     |
|    loss                 | -0.00673   |
|    n_updates            | 990        |
|    policy_gradient_loss | -0.00997   |
|    value_loss           | 0.0237     |
----------------------------------------
-----------------------------------------
| oracle/                 |             |
|    keep                 | 0.173       |
| rollout/                |             |
|    ep_len_mean          | 48.2        |
|    ep_rew_mean          | -0.23       |
| time/                   |             |
|    fps                  | 4           |
|    iterations           | 101         |
|    time_elapsed         | 49395       |
|    total_timesteps      | 206848      |
| train/                  |             |
|    approx_kl            | 0.019983118 |
|    clip_fraction        | 0.0792      |
|    clip_range           | 0.2         |
|    entropy_loss         | -0.206      |
|    explained_variance   | 0.488       |
|    learning_rate        | 0.0001      |
|    loss                 | -0.0185     |
|    n_updates            | 1000        |
|    policy_gradient_loss | -0.0159     |
|    value_loss           | 0.0156      |
-----------------------------------------
----------------------------------------
| oracle/                 |            |
|    keep                 | 0.164      |
| rollout/                |            |
|    ep_len_mean          | 50.2       |
|    ep_rew_mean          | -0.198     |
| time/                   |            |
|    fps                  | 4          |
|    iterations           | 102        |
|    time_elapsed         | 49457      |
|    total_timesteps      | 208896     |
| train/                  |            |
|    approx_kl            | 0.02080562 |
|    clip_fraction        | 0.0805     |
|    clip_range           | 0.2        |
|    entropy_loss         | -0.209     |
|    explained_variance   | 0.168      |
|    learning_rate        | 0.0001     |
|    loss                 | -0.0194    |
|    n_updates            | 1010       |
|    policy_gradient_loss | -0.0154    |
|    value_loss           | 0.0171     |
----------------------------------------
-----------------------------------------
| oracle/                 |             |
|    keep                 | 0.156       |
| rollout/                |             |
|    ep_len_mean          | 48.7        |
|    ep_rew_mean          | -0.238      |
| time/                   |             |
|    fps                  | 4           |
|    iterations           | 103         |
|    time_elapsed         | 49520       |
|    total_timesteps      | 210944      |
| train/                  |             |
|    approx_kl            | 0.022152757 |
|    clip_fraction        | 0.0767      |
|    clip_range           | 0.2         |
|    entropy_loss         | -0.212      |
|    explained_variance   | -0.0167     |
|    learning_rate        | 0.0001      |
|    loss                 | -0.0108     |
|    n_updates            | 1020        |
|    policy_gradient_loss | -0.0107     |
|    value_loss           | 0.0271      |
-----------------------------------------
-----------------------------------------
| oracle/                 |             |
|    keep                 | 0.148       |
| rollout/                |             |
|    ep_len_mean          | 48.5        |
|    ep_rew_mean          | -0.225      |
| time/                   |             |
|    fps                  | 4           |
|    iterations           | 104         |
|    time_elapsed         | 49581       |
|    total_timesteps      | 212992      |
| train/                  |             |
|    approx_kl            | 0.028851615 |
|    clip_fraction        | 0.0875      |
|    clip_range           | 0.2         |
|    entropy_loss         | -0.207      |
|    explained_variance   | 0.0609      |
|    learning_rate        | 0.0001      |
|    loss                 | -0.0218     |
|    n_updates            | 1030        |
|    policy_gradient_loss | -0.0155     |
|    value_loss           | 0.0173      |
-----------------------------------------
-----------------------------------------
| oracle/                 |             |
|    keep                 | 0.14        |
| rollout/                |             |
|    ep_len_mean          | 48.1        |
|    ep_rew_mean          | -0.173      |
| time/                   |             |
|    fps                  | 4           |
|    iterations           | 105         |
|    time_elapsed         | 49642       |
|    total_timesteps      | 215040      |
| train/                  |             |
|    approx_kl            | 0.021103676 |
|    clip_fraction        | 0.0845      |
|    clip_range           | 0.2         |
|    entropy_loss         | -0.213      |
|    explained_variance   | 0.313       |
|    learning_rate        | 0.0001      |
|    loss                 | -0.0149     |
|    n_updates            | 1040        |
|    policy_gradient_loss | -0.0136     |
|    value_loss           | 0.016       |
-----------------------------------------
-----------------------------------------
| oracle/                 |             |
|    keep                 | 0.132       |
| rollout/                |             |
|    ep_len_mean          | 47          |
|    ep_rew_mean          | -0.17       |
| time/                   |             |
|    fps                  | 4           |
|    iterations           | 106         |
|    time_elapsed         | 49697       |
|    total_timesteps      | 217088      |
| train/                  |             |
|    approx_kl            | 0.020781536 |
|    clip_fraction        | 0.0771      |
|    clip_range           | 0.2         |
|    entropy_loss         | -0.209      |
|    explained_variance   | 0.206       |
|    learning_rate        | 0.0001      |
|    loss                 | -0.0138     |
|    n_updates            | 1050        |
|    policy_gradient_loss | -0.0108     |
|    value_loss           | 0.0304      |
-----------------------------------------
-----------------------------------------
| oracle/                 |             |
|    keep                 | 0.123       |
| rollout/                |             |
|    ep_len_mean          | 45.9        |
|    ep_rew_mean          | -0.176      |
| time/                   |             |
|    fps                  | 4           |
|    iterations           | 107         |
|    time_elapsed         | 49751       |
|    total_timesteps      | 219136      |
| train/                  |             |
|    approx_kl            | 0.020476125 |
|    clip_fraction        | 0.0854      |
|    clip_range           | 0.2         |
|    entropy_loss         | -0.223      |
|    explained_variance   | 0.163       |
|    learning_rate        | 0.0001      |
|    loss                 | -0.019      |
|    n_updates            | 1060        |
|    policy_gradient_loss | -0.0162     |
|    value_loss           | 0.0144      |
-----------------------------------------
-----------------------------------------
| oracle/                 |             |
|    keep                 | 0.115       |
| rollout/                |             |
|    ep_len_mean          | 48.7        |
|    ep_rew_mean          | -0.237      |
| time/                   |             |
|    fps                  | 4           |
|    iterations           | 108         |
|    time_elapsed         | 49807       |
|    total_timesteps      | 221184      |
| train/                  |             |
|    approx_kl            | 0.019889986 |
|    clip_fraction        | 0.0833      |
|    clip_range           | 0.2         |
|    entropy_loss         | -0.202      |
|    explained_variance   | 0.525       |
|    learning_rate        | 0.0001      |
|    loss                 | -0.0171     |
|    n_updates            | 1070        |
|    policy_gradient_loss | -0.0134     |
|    value_loss           | 0.01        |
-----------------------------------------
-----------------------------------------
| oracle/                 |             |
|    keep                 | 0.107       |
| rollout/                |             |
|    ep_len_mean          | 51.4        |
|    ep_rew_mean          | -0.247      |
| time/                   |             |
|    fps                  | 4           |
|    iterations           | 109         |
|    time_elapsed         | 49867       |
|    total_timesteps      | 223232      |
| train/                  |             |
|    approx_kl            | 0.019760603 |
|    clip_fraction        | 0.0875      |
|    clip_range           | 0.2         |
|    entropy_loss         | -0.23       |
|    explained_variance   | 0.418       |
|    learning_rate        | 0.0001      |
|    loss                 | -0.0176     |
|    n_updates            | 1080        |
|    policy_gradient_loss | -0.014      |
|    value_loss           | 0.0189      |
-----------------------------------------
-----------------------------------------
| oracle/                 |             |
|    keep                 | 0.0989      |
| rollout/                |             |
|    ep_len_mean          | 52.1        |
|    ep_rew_mean          | -0.267      |
| time/                   |             |
|    fps                  | 4           |
|    iterations           | 110         |
|    time_elapsed         | 49927       |
|    total_timesteps      | 225280      |
| train/                  |             |
|    approx_kl            | 0.022173628 |
|    clip_fraction        | 0.0869      |
|    clip_range           | 0.2         |
|    entropy_loss         | -0.215      |
|    explained_variance   | 0.311       |
|    learning_rate        | 0.0001      |
|    loss                 | -0.0155     |
|    n_updates            | 1090        |
|    policy_gradient_loss | -0.0139     |
|    value_loss           | 0.0185      |
-----------------------------------------
-----------------------------------------
| oracle/                 |             |
|    keep                 | 0.0907      |
| rollout/                |             |
|    ep_len_mean          | 51.7        |
|    ep_rew_mean          | -0.27       |
| time/                   |             |
|    fps                  | 4           |
|    iterations           | 111         |
|    time_elapsed         | 49988       |
|    total_timesteps      | 227328      |
| train/                  |             |
|    approx_kl            | 0.018332092 |
|    clip_fraction        | 0.0775      |
|    clip_range           | 0.2         |
|    entropy_loss         | -0.196      |
|    explained_variance   | 0.329       |
|    learning_rate        | 0.0001      |
|    loss                 | -0.0193     |
|    n_updates            | 1100        |
|    policy_gradient_loss | -0.0152     |
|    value_loss           | 0.0157      |
-----------------------------------------
-----------------------------------------
| oracle/                 |             |
|    keep                 | 0.0825      |
| rollout/                |             |
|    ep_len_mean          | 49.8        |
|    ep_rew_mean          | -0.223      |
| time/                   |             |
|    fps                  | 4           |
|    iterations           | 112         |
|    time_elapsed         | 50050       |
|    total_timesteps      | 229376      |
| train/                  |             |
|    approx_kl            | 0.022482507 |
|    clip_fraction        | 0.0863      |
|    clip_range           | 0.2         |
|    entropy_loss         | -0.194      |
|    explained_variance   | 0.502       |
|    learning_rate        | 0.0001      |
|    loss                 | -0.0173     |
|    n_updates            | 1110        |
|    policy_gradient_loss | -0.0153     |
|    value_loss           | 0.0164      |
-----------------------------------------
-----------------------------------------
| oracle/                 |             |
|    keep                 | 0.0743      |
| rollout/                |             |
|    ep_len_mean          | 49.2        |
|    ep_rew_mean          | -0.191      |
| time/                   |             |
|    fps                  | 4           |
|    iterations           | 113         |
|    time_elapsed         | 50131       |
|    total_timesteps      | 231424      |
| train/                  |             |
|    approx_kl            | 0.018270535 |
|    clip_fraction        | 0.0757      |
|    clip_range           | 0.2         |
|    entropy_loss         | -0.189      |
|    explained_variance   | 0.444       |
|    learning_rate        | 0.0001      |
|    loss                 | -0.0175     |
|    n_updates            | 1120        |
|    policy_gradient_loss | -0.012      |
|    value_loss           | 0.0246      |
-----------------------------------------
----------------------------------------
| oracle/                 |            |
|    keep                 | 0.0661     |
| rollout/                |            |
|    ep_len_mean          | 49.4       |
|    ep_rew_mean          | -0.219     |
| time/                   |            |
|    fps                  | 4          |
|    iterations           | 114        |
|    time_elapsed         | 50196      |
|    total_timesteps      | 233472     |
| train/                  |            |
|    approx_kl            | 0.02004256 |
|    clip_fraction        | 0.0715     |
|    clip_range           | 0.2        |
|    entropy_loss         | -0.183     |
|    explained_variance   | 0.427      |
|    learning_rate        | 0.0001     |
|    loss                 | -0.0152    |
|    n_updates            | 1130       |
|    policy_gradient_loss | -0.0137    |
|    value_loss           | 0.0145     |
----------------------------------------
----------------------------------------
| oracle/                 |            |
|    keep                 | 0.0579     |
| rollout/                |            |
|    ep_len_mean          | 49         |
|    ep_rew_mean          | -0.167     |
| time/                   |            |
|    fps                  | 4          |
|    iterations           | 115        |
|    time_elapsed         | 50262      |
|    total_timesteps      | 235520     |
| train/                  |            |
|    approx_kl            | 0.02321292 |
|    clip_fraction        | 0.0808     |
|    clip_range           | 0.2        |
|    entropy_loss         | -0.176     |
|    explained_variance   | 0.16       |
|    learning_rate        | 0.0001     |
|    loss                 | -0.0168    |
|    n_updates            | 1140       |
|    policy_gradient_loss | -0.0156    |
|    value_loss           | 0.0163     |
----------------------------------------
----------------------------------------
| oracle/                 |            |
|    keep                 | 0.0497     |
| rollout/                |            |
|    ep_len_mean          | 49.1       |
|    ep_rew_mean          | -0.153     |
| time/                   |            |
|    fps                  | 4          |
|    iterations           | 116        |
|    time_elapsed         | 50325      |
|    total_timesteps      | 237568     |
| train/                  |            |
|    approx_kl            | 0.02859189 |
|    clip_fraction        | 0.088      |
|    clip_range           | 0.2        |
|    entropy_loss         | -0.185     |
|    explained_variance   | 0.432      |
|    learning_rate        | 0.0001     |
|    loss                 | -0.00256   |
|    n_updates            | 1150       |
|    policy_gradient_loss | -0.0118    |
|    value_loss           | 0.0375     |
----------------------------------------
-----------------------------------------
| oracle/                 |             |
|    keep                 | 0.0415      |
| rollout/                |             |
|    ep_len_mean          | 47.3        |
|    ep_rew_mean          | -0.157      |
| time/                   |             |
|    fps                  | 4           |
|    iterations           | 117         |
|    time_elapsed         | 50391       |
|    total_timesteps      | 239616      |
| train/                  |             |
|    approx_kl            | 0.019845795 |
|    clip_fraction        | 0.0727      |
|    clip_range           | 0.2         |
|    entropy_loss         | -0.189      |
|    explained_variance   | 0.176       |
|    learning_rate        | 0.0001      |
|    loss                 | -0.0182     |
|    n_updates            | 1160        |
|    policy_gradient_loss | -0.0146     |
|    value_loss           | 0.025       |
-----------------------------------------
-----------------------------------------
| oracle/                 |             |
|    keep                 | 0.0333      |
| rollout/                |             |
|    ep_len_mean          | 46.2        |
|    ep_rew_mean          | -0.199      |
| time/                   |             |
|    fps                  | 4           |
|    iterations           | 118         |
|    time_elapsed         | 50459       |
|    total_timesteps      | 241664      |
| train/                  |             |
|    approx_kl            | 0.022341607 |
|    clip_fraction        | 0.0754      |
|    clip_range           | 0.2         |
|    entropy_loss         | -0.189      |
|    explained_variance   | 0.225       |
|    learning_rate        | 0.0001      |
|    loss                 | -0.016      |
|    n_updates            | 1170        |
|    policy_gradient_loss | -0.0122     |
|    value_loss           | 0.017       |
-----------------------------------------
-----------------------------------------
| oracle/                 |             |
|    keep                 | 0.0252      |
| rollout/                |             |
|    ep_len_mean          | 47.2        |
|    ep_rew_mean          | -0.256      |
| time/                   |             |
|    fps                  | 4           |
|    iterations           | 119         |
|    time_elapsed         | 50525       |
|    total_timesteps      | 243712      |
| train/                  |             |
|    approx_kl            | 0.019971691 |
|    clip_fraction        | 0.0781      |
|    clip_range           | 0.2         |
|    entropy_loss         | -0.179      |
|    explained_variance   | 0.37        |
|    learning_rate        | 0.0001      |
|    loss                 | -0.00797    |
|    n_updates            | 1180        |
|    policy_gradient_loss | -0.0109     |
|    value_loss           | 0.0261      |
-----------------------------------------
---------------------------------------
| oracle/                 |           |
|    keep                 | 0.017     |
| rollout/                |           |
|    ep_len_mean          | 49        |
|    ep_rew_mean          | -0.255    |
| time/                   |           |
|    fps                  | 4         |
|    iterations           | 120       |
|    time_elapsed         | 50578     |
|    total_timesteps      | 245760    |
| train/                  |           |
|    approx_kl            | 0.0224284 |
|    clip_fraction        | 0.0875    |
|    clip_range           | 0.2       |
|    entropy_loss         | -0.209    |
|    explained_variance   | 0.337     |
|    learning_rate        | 0.0001    |
|    loss                 | -0.0256   |
|    n_updates            | 1190      |
|    policy_gradient_loss | -0.0153   |
|    value_loss           | 0.0126    |
---------------------------------------
-----------------------------------------
| oracle/                 |             |
|    keep                 | 0.00877     |
| rollout/                |             |
|    ep_len_mean          | 48.9        |
|    ep_rew_mean          | -0.159      |
| time/                   |             |
|    fps                  | 4           |
|    iterations           | 121         |
|    time_elapsed         | 50633       |
|    total_timesteps      | 247808      |
| train/                  |             |
|    approx_kl            | 0.020871496 |
|    clip_fraction        | 0.0819      |
|    clip_range           | 0.2         |
|    entropy_loss         | -0.187      |
|    explained_variance   | 0.365       |
|    learning_rate        | 0.0001      |
|    loss                 | -0.0159     |
|    n_updates            | 1200        |
|    policy_gradient_loss | -0.0122     |
|    value_loss           | 0.0173      |
-----------------------------------------
----------------------------------------
| oracle/                 |            |
|    keep                 | 0.000576   |
| rollout/                |            |
|    ep_len_mean          | 46.4       |
|    ep_rew_mean          | -0.169     |
| time/                   |            |
|    fps                  | 4          |
|    iterations           | 122        |
|    time_elapsed         | 50690      |
|    total_timesteps      | 249856     |
| train/                  |            |
|    approx_kl            | 0.02233193 |
|    clip_fraction        | 0.0753     |
|    clip_range           | 0.2        |
|    entropy_loss         | -0.186     |
|    explained_variance   | 0.516      |
|    learning_rate        | 0.0001     |
|    loss                 | -0.0148    |
|    n_updates            | 1210       |
|    policy_gradient_loss | -0.0129    |
|    value_loss           | 0.0199     |
----------------------------------------
-----------------------------------------
| oracle/                 |             |
|    keep                 | 0           |
| rollout/                |             |
|    ep_len_mean          | 46.8        |
|    ep_rew_mean          | -0.186      |
| time/                   |             |
|    fps                  | 4           |
|    iterations           | 123         |
|    time_elapsed         | 50748       |
|    total_timesteps      | 251904      |
| train/                  |             |
|    approx_kl            | 0.023653021 |
|    clip_fraction        | 0.075       |
|    clip_range           | 0.2         |
|    entropy_loss         | -0.193      |
|    explained_variance   | 0.381       |
|    learning_rate        | 0.0001      |
|    loss                 | -0.0093     |
|    n_updates            | 1220        |
|    policy_gradient_loss | -0.014      |
|    value_loss           | 0.0236      |
-----------------------------------------
------------------------------------------
| oracle/                 |              |
|    keep                 | 0            |
| rollout/                |              |
|    ep_len_mean          | 48.7         |
|    ep_rew_mean          | -0.221       |
| time/                   |              |
|    fps                  | 4            |
|    iterations           | 124          |
|    time_elapsed         | 50801        |
|    total_timesteps      | 253952       |
| train/                  |              |
|    approx_kl            | 0.0025730615 |
|    clip_fraction        | 0.0251       |
|    clip_range           | 0.2          |
|    entropy_loss         | -0.198       |
|    explained_variance   | 0.389        |
|    learning_rate        | 1e-05        |
|    loss                 | 0.0036       |
|    n_updates            | 1230         |
|    policy_gradient_loss | -0.00471     |
|    value_loss           | 0.0337       |
------------------------------------------
------------------------------------------
| oracle/                 |              |
|    keep                 | 0            |
| rollout/                |              |
|    ep_len_mean          | 52.1         |
|    ep_rew_mean          | -0.194       |
| time/                   |              |
|    fps                  | 5            |
|    iterations           | 125          |
|    time_elapsed         | 50859        |
|    total_timesteps      | 256000       |
| train/                  |              |
|    approx_kl            | 0.0047541317 |
|    clip_fraction        | 0.052        |
|    clip_range           | 0.2          |
|    entropy_loss         | -0.207       |
|    explained_variance   | 0.473        |
|    learning_rate        | 1e-05        |
|    loss                 | 0.00547      |
|    n_updates            | 1240         |
|    policy_gradient_loss | -0.00353     |
|    value_loss           | 0.0253       |
------------------------------------------
-----------------------------------------
| oracle/                 |             |
|    keep                 | 0           |
| rollout/                |             |
|    ep_len_mean          | 51.7        |
|    ep_rew_mean          | -0.219      |
| time/                   |             |
|    fps                  | 5           |
|    iterations           | 126         |
|    time_elapsed         | 50923       |
|    total_timesteps      | 258048      |
| train/                  |             |
|    approx_kl            | 0.006631716 |
|    clip_fraction        | 0.0656      |
|    clip_range           | 0.2         |
|    entropy_loss         | -0.189      |
|    explained_variance   | 0.309       |
|    learning_rate        | 1e-05       |
|    loss                 | 0.000802    |
|    n_updates            | 1250        |
|    policy_gradient_loss | -0.00184    |
|    value_loss           | 0.0307      |
-----------------------------------------
------------------------------------------
| oracle/                 |              |
|    keep                 | 0            |
| rollout/                |              |
|    ep_len_mean          | 49.2         |
|    ep_rew_mean          | -0.167       |
| time/                   |              |
|    fps                  | 5            |
|    iterations           | 127          |
|    time_elapsed         | 50991        |
|    total_timesteps      | 260096       |
| train/                  |              |
|    approx_kl            | 0.0032535333 |
|    clip_fraction        | 0.037        |
|    clip_range           | 0.2          |
|    entropy_loss         | -0.187       |
|    explained_variance   | 0.337        |
|    learning_rate        | 1e-05        |
|    loss                 | -0.00466     |
|    n_updates            | 1260         |
|    policy_gradient_loss | -0.00548     |
|    value_loss           | 0.0218       |
------------------------------------------
------------------------------------------
| oracle/                 |              |
|    keep                 | 0            |
| rollout/                |              |
|    ep_len_mean          | 49.3         |
|    ep_rew_mean          | -0.184       |
| time/                   |              |
|    fps                  | 5            |
|    iterations           | 128          |
|    time_elapsed         | 51057        |
|    total_timesteps      | 262144       |
| train/                  |              |
|    approx_kl            | 0.0036703828 |
|    clip_fraction        | 0.0402       |
|    clip_range           | 0.2          |
|    entropy_loss         | -0.179       |
|    explained_variance   | 0.548        |
|    learning_rate        | 1e-05        |
|    loss                 | -0.00436     |
|    n_updates            | 1270         |
|    policy_gradient_loss | -0.00391     |
|    value_loss           | 0.0148       |
------------------------------------------
-----------------------------------------
| oracle/                 |             |
|    keep                 | 0           |
| rollout/                |             |
|    ep_len_mean          | 51.1        |
|    ep_rew_mean          | -0.152      |
| time/                   |             |
|    fps                  | 5           |
|    iterations           | 129         |
|    time_elapsed         | 51129       |
|    total_timesteps      | 264192      |
| train/                  |             |
|    approx_kl            | 0.005070201 |
|    clip_fraction        | 0.0553      |
|    clip_range           | 0.2         |
|    entropy_loss         | -0.182      |
|    explained_variance   | 0.25        |
|    learning_rate        | 1e-05       |
|    loss                 | 0.0144      |
|    n_updates            | 1280        |
|    policy_gradient_loss | -0.0021     |
|    value_loss           | 0.0467      |
-----------------------------------------
------------------------------------------
| oracle/                 |              |
|    keep                 | 0            |
| rollout/                |              |
|    ep_len_mean          | 46.6         |
|    ep_rew_mean          | -0.167       |
| time/                   |              |
|    fps                  | 5            |
|    iterations           | 130          |
|    time_elapsed         | 51205        |
|    total_timesteps      | 266240       |
| train/                  |              |
|    approx_kl            | 0.0035896483 |
|    clip_fraction        | 0.0291       |
|    clip_range           | 0.2          |
|    entropy_loss         | -0.175       |
|    explained_variance   | 0.342        |
|    learning_rate        | 1e-05        |
|    loss                 | 0.00116      |
|    n_updates            | 1290         |
|    policy_gradient_loss | -0.005       |
|    value_loss           | 0.0246       |
------------------------------------------
-----------------------------------------
| oracle/                 |             |
|    keep                 | 0           |
| rollout/                |             |
|    ep_len_mean          | 46.7        |
|    ep_rew_mean          | -0.191      |
| time/                   |             |
|    fps                  | 5           |
|    iterations           | 131         |
|    time_elapsed         | 51275       |
|    total_timesteps      | 268288      |
| train/                  |             |
|    approx_kl            | 0.003622925 |
|    clip_fraction        | 0.0458      |
|    clip_range           | 0.2         |
|    entropy_loss         | -0.19       |
|    explained_variance   | 0.178       |
|    learning_rate        | 1e-05       |
|    loss                 | -0.00278    |
|    n_updates            | 1300        |
|    policy_gradient_loss | -0.00421    |
|    value_loss           | 0.0283      |
-----------------------------------------
-----------------------------------------
| oracle/                 |             |
|    keep                 | 0           |
| rollout/                |             |
|    ep_len_mean          | 44.2        |
|    ep_rew_mean          | -0.259      |
| time/                   |             |
|    fps                  | 5           |
|    iterations           | 132         |
|    time_elapsed         | 51334       |
|    total_timesteps      | 270336      |
| train/                  |             |
|    approx_kl            | 0.005219431 |
|    clip_fraction        | 0.0584      |
|    clip_range           | 0.2         |
|    entropy_loss         | -0.189      |
|    explained_variance   | 0.567       |
|    learning_rate        | 1e-05       |
|    loss                 | 0.00443     |
|    n_updates            | 1310        |
|    policy_gradient_loss | -0.00241    |
|    value_loss           | 0.0346      |
-----------------------------------------
------------------------------------------
| oracle/                 |              |
|    keep                 | 0            |
| rollout/                |              |
|    ep_len_mean          | 45.3         |
|    ep_rew_mean          | -0.234       |
| time/                   |              |
|    fps                  | 5            |
|    iterations           | 133          |
|    time_elapsed         | 51397        |
|    total_timesteps      | 272384       |
| train/                  |              |
|    approx_kl            | 0.0047735153 |
|    clip_fraction        | 0.0496       |
|    clip_range           | 0.2          |
|    entropy_loss         | -0.199       |
|    explained_variance   | 0.34         |
|    learning_rate        | 1e-05        |
|    loss                 | -0.00155     |
|    n_updates            | 1320         |
|    policy_gradient_loss | -0.0034      |
|    value_loss           | 0.0206       |
------------------------------------------
------------------------------------------
| oracle/                 |              |
|    keep                 | 0            |
| rollout/                |              |
|    ep_len_mean          | 45.2         |
|    ep_rew_mean          | -0.2         |
| time/                   |              |
|    fps                  | 5            |
|    iterations           | 134          |
|    time_elapsed         | 51460        |
|    total_timesteps      | 274432       |
| train/                  |              |
|    approx_kl            | 0.0025800285 |
|    clip_fraction        | 0.0325       |
|    clip_range           | 0.2          |
|    entropy_loss         | -0.176       |
|    explained_variance   | 0.437        |
|    learning_rate        | 1e-05        |
|    loss                 | -0.00632     |
|    n_updates            | 1330         |
|    policy_gradient_loss | -0.00455     |
|    value_loss           | 0.0166       |
------------------------------------------
------------------------------------------
| oracle/                 |              |
|    keep                 | 0            |
| rollout/                |              |
|    ep_len_mean          | 47.2         |
|    ep_rew_mean          | -0.216       |
| time/                   |              |
|    fps                  | 5            |
|    iterations           | 135          |
|    time_elapsed         | 51516        |
|    total_timesteps      | 276480       |
| train/                  |              |
|    approx_kl            | 0.0028156217 |
|    clip_fraction        | 0.0315       |
|    clip_range           | 0.2          |
|    entropy_loss         | -0.192       |
|    explained_variance   | 0.697        |
|    learning_rate        | 1e-05        |
|    loss                 | 0.00465      |
|    n_updates            | 1340         |
|    policy_gradient_loss | -0.00326     |
|    value_loss           | 0.019        |
------------------------------------------
------------------------------------------
| oracle/                 |              |
|    keep                 | 0            |
| rollout/                |              |
|    ep_len_mean          | 47.6         |
|    ep_rew_mean          | -0.23        |
| time/                   |              |
|    fps                  | 5            |
|    iterations           | 136          |
|    time_elapsed         | 51578        |
|    total_timesteps      | 278528       |
| train/                  |              |
|    approx_kl            | 0.0031475967 |
|    clip_fraction        | 0.0277       |
|    clip_range           | 0.2          |
|    entropy_loss         | -0.187       |
|    explained_variance   | 0.507        |
|    learning_rate        | 1e-05        |
|    loss                 | -0.0052      |
|    n_updates            | 1350         |
|    policy_gradient_loss | -0.00447     |
|    value_loss           | 0.0146       |
------------------------------------------
------------------------------------------
| oracle/                 |              |
|    keep                 | 0            |
| rollout/                |              |
|    ep_len_mean          | 47.5         |
|    ep_rew_mean          | -0.187       |
| time/                   |              |
|    fps                  | 5            |
|    iterations           | 137          |
|    time_elapsed         | 51631        |
|    total_timesteps      | 280576       |
| train/                  |              |
|    approx_kl            | 0.0030841501 |
|    clip_fraction        | 0.033        |
|    clip_range           | 0.2          |
|    entropy_loss         | -0.176       |
|    explained_variance   | 0.196        |
|    learning_rate        | 1e-05        |
|    loss                 | 0.0295       |
|    n_updates            | 1360         |
|    policy_gradient_loss | -0.00432     |
|    value_loss           | 0.0642       |
------------------------------------------
-----------------------------------------
| oracle/                 |             |
|    keep                 | 0           |
| rollout/                |             |
|    ep_len_mean          | 43.1        |
|    ep_rew_mean          | -0.204      |
| time/                   |             |
|    fps                  | 5           |
|    iterations           | 138         |
|    time_elapsed         | 51694       |
|    total_timesteps      | 282624      |
| train/                  |             |
|    approx_kl            | 0.003702107 |
|    clip_fraction        | 0.0457      |
|    clip_range           | 0.2         |
|    entropy_loss         | -0.182      |
|    explained_variance   | 0.0144      |
|    learning_rate        | 1e-05       |
|    loss                 | 0.00144     |
|    n_updates            | 1370        |
|    policy_gradient_loss | -0.00497    |
|    value_loss           | 0.0346      |
-----------------------------------------
------------------------------------------
| oracle/                 |              |
|    keep                 | 0            |
| rollout/                |              |
|    ep_len_mean          | 43           |
|    ep_rew_mean          | -0.241       |
| time/                   |              |
|    fps                  | 5            |
|    iterations           | 139          |
|    time_elapsed         | 51742        |
|    total_timesteps      | 284672       |
| train/                  |              |
|    approx_kl            | 0.0037602151 |
|    clip_fraction        | 0.0423       |
|    clip_range           | 0.2          |
|    entropy_loss         | -0.198       |
|    explained_variance   | 0.286        |
|    learning_rate        | 1e-05        |
|    loss                 | -0.000467    |
|    n_updates            | 1380         |
|    policy_gradient_loss | -0.00254     |
|    value_loss           | 0.0285       |
------------------------------------------
------------------------------------------
| oracle/                 |              |
|    keep                 | 0            |
| rollout/                |              |
|    ep_len_mean          | 48           |
|    ep_rew_mean          | -0.194       |
| time/                   |              |
|    fps                  | 5            |
|    iterations           | 140          |
|    time_elapsed         | 51795        |
|    total_timesteps      | 286720       |
| train/                  |              |
|    approx_kl            | 0.0050212434 |
|    clip_fraction        | 0.0591       |
|    clip_range           | 0.2          |
|    entropy_loss         | -0.184       |
|    explained_variance   | 0.628        |
|    learning_rate        | 1e-05        |
|    loss                 | 0.000427     |
|    n_updates            | 1390         |
|    policy_gradient_loss | -0.00247     |
|    value_loss           | 0.0208       |
------------------------------------------
------------------------------------------
| oracle/                 |              |
|    keep                 | 0            |
| rollout/                |              |
|    ep_len_mean          | 50.7         |
|    ep_rew_mean          | -0.166       |
| time/                   |              |
|    fps                  | 5            |
|    iterations           | 141          |
|    time_elapsed         | 51843        |
|    total_timesteps      | 288768       |
| train/                  |              |
|    approx_kl            | 0.0024706922 |
|    clip_fraction        | 0.0195       |
|    clip_range           | 0.2          |
|    entropy_loss         | -0.173       |
|    explained_variance   | 0.422        |
|    learning_rate        | 1e-05        |
|    loss                 | 0.0148       |
|    n_updates            | 1400         |
|    policy_gradient_loss | -0.00342     |
|    value_loss           | 0.0423       |
------------------------------------------
-----------------------------------------
| oracle/                 |             |
|    keep                 | 0           |
| rollout/                |             |
|    ep_len_mean          | 51.6        |
|    ep_rew_mean          | -0.127      |
| time/                   |             |
|    fps                  | 5           |
|    iterations           | 142         |
|    time_elapsed         | 51888       |
|    total_timesteps      | 290816      |
| train/                  |             |
|    approx_kl            | 0.002448349 |
|    clip_fraction        | 0.0209      |
|    clip_range           | 0.2         |
|    entropy_loss         | -0.176      |
|    explained_variance   | 0.504       |
|    learning_rate        | 1e-05       |
|    loss                 | 0.00696     |
|    n_updates            | 1410        |
|    policy_gradient_loss | -0.00403    |
|    value_loss           | 0.0192      |
-----------------------------------------
-----------------------------------------
| oracle/                 |             |
|    keep                 | 0           |
| rollout/                |             |
|    ep_len_mean          | 51.8        |
|    ep_rew_mean          | -0.159      |
| time/                   |             |
|    fps                  | 5           |
|    iterations           | 143         |
|    time_elapsed         | 51936       |
|    total_timesteps      | 292864      |
| train/                  |             |
|    approx_kl            | 0.008444816 |
|    clip_fraction        | 0.0648      |
|    clip_range           | 0.2         |
|    entropy_loss         | -0.172      |
|    explained_variance   | 0.305       |
|    learning_rate        | 1e-05       |
|    loss                 | 0.0127      |
|    n_updates            | 1420        |
|    policy_gradient_loss | -0.00363    |
|    value_loss           | 0.0413      |
-----------------------------------------
------------------------------------------
| oracle/                 |              |
|    keep                 | 0            |
| rollout/                |              |
|    ep_len_mean          | 50           |
|    ep_rew_mean          | -0.197       |
| time/                   |              |
|    fps                  | 5            |
|    iterations           | 144          |
|    time_elapsed         | 51988        |
|    total_timesteps      | 294912       |
| train/                  |              |
|    approx_kl            | 0.0033351604 |
|    clip_fraction        | 0.0475       |
|    clip_range           | 0.2          |
|    entropy_loss         | -0.182       |
|    explained_variance   | 0.035        |
|    learning_rate        | 1e-05        |
|    loss                 | 0.00405      |
|    n_updates            | 1430         |
|    policy_gradient_loss | -0.00135     |
|    value_loss           | 0.0225       |
------------------------------------------
-----------------------------------------
| oracle/                 |             |
|    keep                 | 0           |
| rollout/                |             |
|    ep_len_mean          | 48.1        |
|    ep_rew_mean          | -0.175      |
| time/                   |             |
|    fps                  | 5           |
|    iterations           | 145         |
|    time_elapsed         | 52042       |
|    total_timesteps      | 296960      |
| train/                  |             |
|    approx_kl            | 0.002002859 |
|    clip_fraction        | 0.0194      |
|    clip_range           | 0.2         |
|    entropy_loss         | -0.169      |
|    explained_variance   | 0.237       |
|    learning_rate        | 1e-05       |
|    loss                 | 0.00838     |
|    n_updates            | 1440        |
|    policy_gradient_loss | -0.00328    |
|    value_loss           | 0.0344      |
-----------------------------------------
-----------------------------------------
| oracle/                 |             |
|    keep                 | 0           |
| rollout/                |             |
|    ep_len_mean          | 48.3        |
|    ep_rew_mean          | -0.154      |
| time/                   |             |
|    fps                  | 5           |
|    iterations           | 146         |
|    time_elapsed         | 52098       |
|    total_timesteps      | 299008      |
| train/                  |             |
|    approx_kl            | 0.002359379 |
|    clip_fraction        | 0.0275      |
|    clip_range           | 0.2         |
|    entropy_loss         | -0.187      |
|    explained_variance   | 0.474       |
|    learning_rate        | 1e-05       |
|    loss                 | 0.0121      |
|    n_updates            | 1450        |
|    policy_gradient_loss | -0.00308    |
|    value_loss           | 0.0635      |
-----------------------------------------
-----------------------------------------
| oracle/                 |             |
|    keep                 | 0           |
| rollout/                |             |
|    ep_len_mean          | 48.2        |
|    ep_rew_mean          | -0.161      |
| time/                   |             |
|    fps                  | 5           |
|    iterations           | 147         |
|    time_elapsed         | 52177       |
|    total_timesteps      | 301056      |
| train/                  |             |
|    approx_kl            | 0.002973195 |
|    clip_fraction        | 0.0322      |
|    clip_range           | 0.2         |
|    entropy_loss         | -0.181      |
|    explained_variance   | 0.558       |
|    learning_rate        | 1e-05       |
|    loss                 | 0.00416     |
|    n_updates            | 1460        |
|    policy_gradient_loss | -0.00277    |
|    value_loss           | 0.0228      |
-----------------------------------------
------------------------------------------
| oracle/                 |              |
|    keep                 | 0            |
| rollout/                |              |
|    ep_len_mean          | 50.3         |
|    ep_rew_mean          | -0.201       |
| time/                   |              |
|    fps                  | 5            |
|    iterations           | 148          |
|    time_elapsed         | 52236        |
|    total_timesteps      | 303104       |
| train/                  |              |
|    approx_kl            | 0.0030797275 |
|    clip_fraction        | 0.0316       |
|    clip_range           | 0.2          |
|    entropy_loss         | -0.174       |
|    explained_variance   | 0.459        |
|    learning_rate        | 1e-05        |
|    loss                 | 0.00174      |
|    n_updates            | 1470         |
|    policy_gradient_loss | -0.00458     |
|    value_loss           | 0.0237       |
------------------------------------------
-----------------------------------------
| oracle/                 |             |
|    keep                 | 0           |
| rollout/                |             |
|    ep_len_mean          | 48.5        |
|    ep_rew_mean          | -0.168      |
| time/                   |             |
|    fps                  | 5           |
|    iterations           | 149         |
|    time_elapsed         | 52283       |
|    total_timesteps      | 305152      |
| train/                  |             |
|    approx_kl            | 0.001997709 |
|    clip_fraction        | 0.024       |
|    clip_range           | 0.2         |
|    entropy_loss         | -0.182      |
|    explained_variance   | 0.383       |
|    learning_rate        | 1e-05       |
|    loss                 | 0.00645     |
|    n_updates            | 1480        |
|    policy_gradient_loss | -0.00318    |
|    value_loss           | 0.0287      |
-----------------------------------------
------------------------------------------
| oracle/                 |              |
|    keep                 | 0            |
| rollout/                |              |
|    ep_len_mean          | 46.7         |
|    ep_rew_mean          | -0.2         |
| time/                   |              |
|    fps                  | 5            |
|    iterations           | 150          |
|    time_elapsed         | 52329        |
|    total_timesteps      | 307200       |
| train/                  |              |
|    approx_kl            | 0.0024922797 |
|    clip_fraction        | 0.0255       |
|    clip_range           | 0.2          |
|    entropy_loss         | -0.191       |
|    explained_variance   | 0.446        |
|    learning_rate        | 1e-05        |
|    loss                 | 0.00337      |
|    n_updates            | 1490         |
|    policy_gradient_loss | -0.00411     |
|    value_loss           | 0.0295       |
------------------------------------------
------------------------------------------
| oracle/                 |              |
|    keep                 | 0            |
| rollout/                |              |
|    ep_len_mean          | 44.5         |
|    ep_rew_mean          | -0.161       |
| time/                   |              |
|    fps                  | 5            |
|    iterations           | 151          |
|    time_elapsed         | 52375        |
|    total_timesteps      | 309248       |
| train/                  |              |
|    approx_kl            | 0.0032290597 |
|    clip_fraction        | 0.0333       |
|    clip_range           | 0.2          |
|    entropy_loss         | -0.168       |
|    explained_variance   | 0.461        |
|    learning_rate        | 1e-05        |
|    loss                 | -0.00371     |
|    n_updates            | 1500         |
|    policy_gradient_loss | -0.00532     |
|    value_loss           | 0.0199       |
------------------------------------------
-----------------------------------------
| oracle/                 |             |
|    keep                 | 0           |
| rollout/                |             |
|    ep_len_mean          | 46.2        |
|    ep_rew_mean          | -0.195      |
| time/                   |             |
|    fps                  | 5           |
|    iterations           | 152         |
|    time_elapsed         | 52421       |
|    total_timesteps      | 311296      |
| train/                  |             |
|    approx_kl            | 0.002839767 |
|    clip_fraction        | 0.0316      |
|    clip_range           | 0.2         |
|    entropy_loss         | -0.179      |
|    explained_variance   | 0.727       |
|    learning_rate        | 1e-05       |
|    loss                 | 0.000669    |
|    n_updates            | 1510        |
|    policy_gradient_loss | -0.00627    |
|    value_loss           | 0.0265      |
-----------------------------------------
-----------------------------------------
| oracle/                 |             |
|    keep                 | 0           |
| rollout/                |             |
|    ep_len_mean          | 48.7        |
|    ep_rew_mean          | -0.199      |
| time/                   |             |
|    fps                  | 5           |
|    iterations           | 153         |
|    time_elapsed         | 52465       |
|    total_timesteps      | 313344      |
| train/                  |             |
|    approx_kl            | 0.004008162 |
|    clip_fraction        | 0.0431      |
|    clip_range           | 0.2         |
|    entropy_loss         | -0.152      |
|    explained_variance   | -0.125      |
|    learning_rate        | 1e-05       |
|    loss                 | 0.0116      |
|    n_updates            | 1520        |
|    policy_gradient_loss | -0.000849   |
|    value_loss           | 0.0372      |
-----------------------------------------
------------------------------------------
| oracle/                 |              |
|    keep                 | 0            |
| rollout/                |              |
|    ep_len_mean          | 50           |
|    ep_rew_mean          | -0.209       |
| time/                   |              |
|    fps                  | 6            |
|    iterations           | 154          |
|    time_elapsed         | 52512        |
|    total_timesteps      | 315392       |
| train/                  |              |
|    approx_kl            | 0.0034975903 |
|    clip_fraction        | 0.0412       |
|    clip_range           | 0.2          |
|    entropy_loss         | -0.169       |
|    explained_variance   | 0.244        |
|    learning_rate        | 1e-05        |
|    loss                 | 0.00163      |
|    n_updates            | 1530         |
|    policy_gradient_loss | -0.00288     |
|    value_loss           | 0.021        |
------------------------------------------
------------------------------------------
| oracle/                 |              |
|    keep                 | 0            |
| rollout/                |              |
|    ep_len_mean          | 49.9         |
|    ep_rew_mean          | -0.17        |
| time/                   |              |
|    fps                  | 6            |
|    iterations           | 155          |
|    time_elapsed         | 52562        |
|    total_timesteps      | 317440       |
| train/                  |              |
|    approx_kl            | 0.0021224504 |
|    clip_fraction        | 0.0179       |
|    clip_range           | 0.2          |
|    entropy_loss         | -0.193       |
|    explained_variance   | 0.478        |
|    learning_rate        | 1e-05        |
|    loss                 | 0.000925     |
|    n_updates            | 1540         |
|    policy_gradient_loss | -0.00407     |
|    value_loss           | 0.0183       |
------------------------------------------
------------------------------------------
| oracle/                 |              |
|    keep                 | 0            |
| rollout/                |              |
|    ep_len_mean          | 50.6         |
|    ep_rew_mean          | -0.187       |
| time/                   |              |
|    fps                  | 6            |
|    iterations           | 156          |
|    time_elapsed         | 52608        |
|    total_timesteps      | 319488       |
| train/                  |              |
|    approx_kl            | 0.0025453276 |
|    clip_fraction        | 0.0296       |
|    clip_range           | 0.2          |
|    entropy_loss         | -0.172       |
|    explained_variance   | 0.504        |
|    learning_rate        | 1e-05        |
|    loss                 | -0.000832    |
|    n_updates            | 1550         |
|    policy_gradient_loss | -0.00417     |
|    value_loss           | 0.0186       |
------------------------------------------
-----------------------------------------
| oracle/                 |             |
|    keep                 | 0           |
| rollout/                |             |
|    ep_len_mean          | 50.4        |
|    ep_rew_mean          | -0.182      |
| time/                   |             |
|    fps                  | 6           |
|    iterations           | 157         |
|    time_elapsed         | 52676       |
|    total_timesteps      | 321536      |
| train/                  |             |
|    approx_kl            | 0.004070018 |
|    clip_fraction        | 0.0478      |
|    clip_range           | 0.2         |
|    entropy_loss         | -0.174      |
|    explained_variance   | 0.124       |
|    learning_rate        | 1e-05       |
|    loss                 | -0.00101    |
|    n_updates            | 1560        |
|    policy_gradient_loss | -0.002      |
|    value_loss           | 0.0239      |
-----------------------------------------
------------------------------------------
| oracle/                 |              |
|    keep                 | 0            |
| rollout/                |              |
|    ep_len_mean          | 46.5         |
|    ep_rew_mean          | -0.159       |
| time/                   |              |
|    fps                  | 6            |
|    iterations           | 158          |
|    time_elapsed         | 52757        |
|    total_timesteps      | 323584       |
| train/                  |              |
|    approx_kl            | 0.0027149604 |
|    clip_fraction        | 0.0312       |
|    clip_range           | 0.2          |
|    entropy_loss         | -0.176       |
|    explained_variance   | 0.254        |
|    learning_rate        | 1e-05        |
|    loss                 | 0.0125       |
|    n_updates            | 1570         |
|    policy_gradient_loss | -0.00373     |
|    value_loss           | 0.0345       |
------------------------------------------
------------------------------------------
| oracle/                 |              |
|    keep                 | 0            |
| rollout/                |              |
|    ep_len_mean          | 47.3         |
|    ep_rew_mean          | -0.123       |
| time/                   |              |
|    fps                  | 6            |
|    iterations           | 159          |
|    time_elapsed         | 52808        |
|    total_timesteps      | 325632       |
| train/                  |              |
|    approx_kl            | 0.0035518757 |
|    clip_fraction        | 0.0377       |
|    clip_range           | 0.2          |
|    entropy_loss         | -0.187       |
|    explained_variance   | 0.356        |
|    learning_rate        | 1e-05        |
|    loss                 | 0.0119       |
|    n_updates            | 1580         |
|    policy_gradient_loss | -0.00101     |
|    value_loss           | 0.0317       |
------------------------------------------
-----------------------------------------
| oracle/                 |             |
|    keep                 | 0           |
| rollout/                |             |
|    ep_len_mean          | 48.5        |
|    ep_rew_mean          | -0.17       |
| time/                   |             |
|    fps                  | 6           |
|    iterations           | 160         |
|    time_elapsed         | 52859       |
|    total_timesteps      | 327680      |
| train/                  |             |
|    approx_kl            | 0.003392832 |
|    clip_fraction        | 0.0355      |
|    clip_range           | 0.2         |
|    entropy_loss         | -0.171      |
|    explained_variance   | 0.296       |
|    learning_rate        | 1e-05       |
|    loss                 | 0.0105      |
|    n_updates            | 1590        |
|    policy_gradient_loss | -0.00268    |
|    value_loss           | 0.0433      |
-----------------------------------------
-----------------------------------------
| oracle/                 |             |
|    keep                 | 0           |
| rollout/                |             |
|    ep_len_mean          | 47.4        |
|    ep_rew_mean          | -0.174      |
| time/                   |             |
|    fps                  | 6           |
|    iterations           | 161         |
|    time_elapsed         | 52909       |
|    total_timesteps      | 329728      |
| train/                  |             |
|    approx_kl            | 0.006830828 |
|    clip_fraction        | 0.0608      |
|    clip_range           | 0.2         |
|    entropy_loss         | -0.176      |
|    explained_variance   | 0.399       |
|    learning_rate        | 1e-05       |
|    loss                 | 0.0137      |
|    n_updates            | 1600        |
|    policy_gradient_loss | 0.00228     |
|    value_loss           | 0.032       |
-----------------------------------------
------------------------------------------
| oracle/                 |              |
|    keep                 | 0            |
| rollout/                |              |
|    ep_len_mean          | 46.7         |
|    ep_rew_mean          | -0.13        |
| time/                   |              |
|    fps                  | 6            |
|    iterations           | 162          |
|    time_elapsed         | 52957        |
|    total_timesteps      | 331776       |
| train/                  |              |
|    approx_kl            | 0.0030727454 |
|    clip_fraction        | 0.0358       |
|    clip_range           | 0.2          |
|    entropy_loss         | -0.164       |
|    explained_variance   | 0.438        |
|    learning_rate        | 1e-05        |
|    loss                 | 0.000247     |
|    n_updates            | 1610         |
|    policy_gradient_loss | -0.00166     |
|    value_loss           | 0.0267       |
------------------------------------------
------------------------------------------
| oracle/                 |              |
|    keep                 | 0            |
| rollout/                |              |
|    ep_len_mean          | 48.6         |
|    ep_rew_mean          | -0.161       |
| time/                   |              |
|    fps                  | 6            |
|    iterations           | 163          |
|    time_elapsed         | 53000        |
|    total_timesteps      | 333824       |
| train/                  |              |
|    approx_kl            | 0.0025641606 |
|    clip_fraction        | 0.0274       |
|    clip_range           | 0.2          |
|    entropy_loss         | -0.177       |
|    explained_variance   | 0.532        |
|    learning_rate        | 1e-05        |
|    loss                 | -4.74e-05    |
|    n_updates            | 1620         |
|    policy_gradient_loss | -0.00398     |
|    value_loss           | 0.0183       |
------------------------------------------
------------------------------------------
| oracle/                 |              |
|    keep                 | 0            |
| rollout/                |              |
|    ep_len_mean          | 51.5         |
|    ep_rew_mean          | -0.203       |
| time/                   |              |
|    fps                  | 6            |
|    iterations           | 164          |
|    time_elapsed         | 53051        |
|    total_timesteps      | 335872       |
| train/                  |              |
|    approx_kl            | 0.0033536437 |
|    clip_fraction        | 0.0367       |
|    clip_range           | 0.2          |
|    entropy_loss         | -0.164       |
|    explained_variance   | 0.432        |
|    learning_rate        | 1e-05        |
|    loss                 | 0.0101       |
|    n_updates            | 1630         |
|    policy_gradient_loss | -0.00193     |
|    value_loss           | 0.0388       |
------------------------------------------
-----------------------------------------
| oracle/                 |             |
|    keep                 | 0           |
| rollout/                |             |
|    ep_len_mean          | 53.4        |
|    ep_rew_mean          | -0.202      |
| time/                   |             |
|    fps                  | 6           |
|    iterations           | 165         |
|    time_elapsed         | 53090       |
|    total_timesteps      | 337920      |
| train/                  |             |
|    approx_kl            | 0.007207442 |
|    clip_fraction        | 0.0621      |
|    clip_range           | 0.2         |
|    entropy_loss         | -0.167      |
|    explained_variance   | 0.191       |
|    learning_rate        | 1e-05       |
|    loss                 | 0.00232     |
|    n_updates            | 1640        |
|    policy_gradient_loss | -0.00208    |
|    value_loss           | 0.0209      |
-----------------------------------------
------------------------------------------
| oracle/                 |              |
|    keep                 | 0            |
| rollout/                |              |
|    ep_len_mean          | 51           |
|    ep_rew_mean          | -0.229       |
| time/                   |              |
|    fps                  | 6            |
|    iterations           | 166          |
|    time_elapsed         | 53135        |
|    total_timesteps      | 339968       |
| train/                  |              |
|    approx_kl            | 0.0045090686 |
|    clip_fraction        | 0.0517       |
|    clip_range           | 0.2          |
|    entropy_loss         | -0.171       |
|    explained_variance   | 0.304        |
|    learning_rate        | 1e-05        |
|    loss                 | 0.00413      |
|    n_updates            | 1650         |
|    policy_gradient_loss | -0.00246     |
|    value_loss           | 0.0233       |
------------------------------------------
------------------------------------------
| oracle/                 |              |
|    keep                 | 0            |
| rollout/                |              |
|    ep_len_mean          | 49.4         |
|    ep_rew_mean          | -0.217       |
| time/                   |              |
|    fps                  | 6            |
|    iterations           | 167          |
|    time_elapsed         | 53173        |
|    total_timesteps      | 342016       |
| train/                  |              |
|    approx_kl            | 0.0029635732 |
|    clip_fraction        | 0.0213       |
|    clip_range           | 0.2          |
|    entropy_loss         | -0.187       |
|    explained_variance   | 0.558        |
|    learning_rate        | 1e-05        |
|    loss                 | -0.00687     |
|    n_updates            | 1660         |
|    policy_gradient_loss | -0.00592     |
|    value_loss           | 0.015        |
------------------------------------------
------------------------------------------
| oracle/                 |              |
|    keep                 | 0            |
| rollout/                |              |
|    ep_len_mean          | 52.2         |
|    ep_rew_mean          | -0.202       |
| time/                   |              |
|    fps                  | 6            |
|    iterations           | 168          |
|    time_elapsed         | 53217        |
|    total_timesteps      | 344064       |
| train/                  |              |
|    approx_kl            | 0.0027599013 |
|    clip_fraction        | 0.0338       |
|    clip_range           | 0.2          |
|    entropy_loss         | -0.175       |
|    explained_variance   | 0.64         |
|    learning_rate        | 1e-05        |
|    loss                 | -0.00285     |
|    n_updates            | 1670         |
|    policy_gradient_loss | -0.00332     |
|    value_loss           | 0.0197       |
------------------------------------------
------------------------------------------
| oracle/                 |              |
|    keep                 | 0            |
| rollout/                |              |
|    ep_len_mean          | 49.6         |
|    ep_rew_mean          | -0.264       |
| time/                   |              |
|    fps                  | 6            |
|    iterations           | 169          |
|    time_elapsed         | 53253        |
|    total_timesteps      | 346112       |
| train/                  |              |
|    approx_kl            | 0.0032990475 |
|    clip_fraction        | 0.0387       |
|    clip_range           | 0.2          |
|    entropy_loss         | -0.179       |
|    explained_variance   | 0.516        |
|    learning_rate        | 1e-05        |
|    loss                 | -0.00476     |
|    n_updates            | 1680         |
|    policy_gradient_loss | -0.00244     |
|    value_loss           | 0.014        |
------------------------------------------
-----------------------------------------
| oracle/                 |             |
|    keep                 | 0           |
| rollout/                |             |
|    ep_len_mean          | 48          |
|    ep_rew_mean          | -0.266      |
| time/                   |             |
|    fps                  | 6           |
|    iterations           | 170         |
|    time_elapsed         | 53295       |
|    total_timesteps      | 348160      |
| train/                  |             |
|    approx_kl            | 0.004393884 |
|    clip_fraction        | 0.0459      |
|    clip_range           | 0.2         |
|    entropy_loss         | -0.192      |
|    explained_variance   | 0.505       |
|    learning_rate        | 1e-05       |
|    loss                 | 0.00592     |
|    n_updates            | 1690        |
|    policy_gradient_loss | -0.00222    |
|    value_loss           | 0.0215      |
-----------------------------------------
------------------------------------------
| oracle/                 |              |
|    keep                 | 0            |
| rollout/                |              |
|    ep_len_mean          | 48.5         |
|    ep_rew_mean          | -0.251       |
| time/                   |              |
|    fps                  | 6            |
|    iterations           | 171          |
|    time_elapsed         | 53337        |
|    total_timesteps      | 350208       |
| train/                  |              |
|    approx_kl            | 0.0022916552 |
|    clip_fraction        | 0.0235       |
|    clip_range           | 0.2          |
|    entropy_loss         | -0.178       |
|    explained_variance   | 0.411        |
|    learning_rate        | 1e-05        |
|    loss                 | -0.00418     |
|    n_updates            | 1700         |
|    policy_gradient_loss | -0.00489     |
|    value_loss           | 0.016        |
------------------------------------------
-----------------------------------------
| oracle/                 |             |
|    keep                 | 0           |
| rollout/                |             |
|    ep_len_mean          | 48.7        |
|    ep_rew_mean          | -0.162      |
| time/                   |             |
|    fps                  | 6           |
|    iterations           | 172         |
|    time_elapsed         | 53375       |
|    total_timesteps      | 352256      |
| train/                  |             |
|    approx_kl            | 0.002697552 |
|    clip_fraction        | 0.0224      |
|    clip_range           | 0.2         |
|    entropy_loss         | -0.183      |
|    explained_variance   | 0.256       |
|    learning_rate        | 1e-05       |
|    loss                 | 0.00557     |
|    n_updates            | 1710        |
|    policy_gradient_loss | -0.00374    |
|    value_loss           | 0.0201      |
-----------------------------------------
----------------------------------------
| oracle/                 |            |
|    keep                 | 0          |
| rollout/                |            |
|    ep_len_mean          | 49.2       |
|    ep_rew_mean          | -0.102     |
| time/                   |            |
|    fps                  | 6          |
|    iterations           | 173        |
|    time_elapsed         | 53415      |
|    total_timesteps      | 354304     |
| train/                  |            |
|    approx_kl            | 0.00236215 |
|    clip_fraction        | 0.0333     |
|    clip_range           | 0.2        |
|    entropy_loss         | -0.175     |
|    explained_variance   | 0.494      |
|    learning_rate        | 1e-05      |
|    loss                 | 0.0148     |
|    n_updates            | 1720       |
|    policy_gradient_loss | -0.00411   |
|    value_loss           | 0.0547     |
----------------------------------------
------------------------------------------
| oracle/                 |              |
|    keep                 | 0            |
| rollout/                |              |
|    ep_len_mean          | 48.5         |
|    ep_rew_mean          | -0.132       |
| time/                   |              |
|    fps                  | 6            |
|    iterations           | 174          |
|    time_elapsed         | 53453        |
|    total_timesteps      | 356352       |
| train/                  |              |
|    approx_kl            | 0.0036591217 |
|    clip_fraction        | 0.0406       |
|    clip_range           | 0.2          |
|    entropy_loss         | -0.173       |
|    explained_variance   | -0.0496      |
|    learning_rate        | 1e-05        |
|    loss                 | 0.0118       |
|    n_updates            | 1730         |
|    policy_gradient_loss | -0.00169     |
|    value_loss           | 0.0423       |
------------------------------------------
------------------------------------------
| oracle/                 |              |
|    keep                 | 0            |
| rollout/                |              |
|    ep_len_mean          | 46.5         |
|    ep_rew_mean          | -0.137       |
| time/                   |              |
|    fps                  | 6            |
|    iterations           | 175          |
|    time_elapsed         | 53496        |
|    total_timesteps      | 358400       |
| train/                  |              |
|    approx_kl            | 0.0040685637 |
|    clip_fraction        | 0.0465       |
|    clip_range           | 0.2          |
|    entropy_loss         | -0.167       |
|    explained_variance   | 0.686        |
|    learning_rate        | 1e-05        |
|    loss                 | 0.00839      |
|    n_updates            | 1740         |
|    policy_gradient_loss | -0.00385     |
|    value_loss           | 0.0348       |
------------------------------------------
-----------------------------------------
| oracle/                 |             |
|    keep                 | 0           |
| rollout/                |             |
|    ep_len_mean          | 48.5        |
|    ep_rew_mean          | -0.188      |
| time/                   |             |
|    fps                  | 6           |
|    iterations           | 176         |
|    time_elapsed         | 53544       |
|    total_timesteps      | 360448      |
| train/                  |             |
|    approx_kl            | 0.002712784 |
|    clip_fraction        | 0.0276      |
|    clip_range           | 0.2         |
|    entropy_loss         | -0.171      |
|    explained_variance   | 0.4         |
|    learning_rate        | 1e-05       |
|    loss                 | 0.0166      |
|    n_updates            | 1750        |
|    policy_gradient_loss | -0.0037     |
|    value_loss           | 0.0451      |
-----------------------------------------
-----------------------------------------
| oracle/                 |             |
|    keep                 | 0           |
| rollout/                |             |
|    ep_len_mean          | 46.8        |
|    ep_rew_mean          | -0.192      |
| time/                   |             |
|    fps                  | 6           |
|    iterations           | 177         |
|    time_elapsed         | 53589       |
|    total_timesteps      | 362496      |
| train/                  |             |
|    approx_kl            | 0.003085422 |
|    clip_fraction        | 0.0355      |
|    clip_range           | 0.2         |
|    entropy_loss         | -0.173      |
|    explained_variance   | 0.219       |
|    learning_rate        | 1e-05       |
|    loss                 | 0.00375     |
|    n_updates            | 1760        |
|    policy_gradient_loss | -0.00452    |
|    value_loss           | 0.0246      |
-----------------------------------------
------------------------------------------
| oracle/                 |              |
|    keep                 | 0            |
| rollout/                |              |
|    ep_len_mean          | 45.9         |
|    ep_rew_mean          | -0.174       |
| time/                   |              |
|    fps                  | 6            |
|    iterations           | 178          |
|    time_elapsed         | 53630        |
|    total_timesteps      | 364544       |
| train/                  |              |
|    approx_kl            | 0.0031725853 |
|    clip_fraction        | 0.0396       |
|    clip_range           | 0.2          |
|    entropy_loss         | -0.184       |
|    explained_variance   | 0.472        |
|    learning_rate        | 1e-05        |
|    loss                 | 0.00687      |
|    n_updates            | 1770         |
|    policy_gradient_loss | -0.00164     |
|    value_loss           | 0.0314       |
------------------------------------------
------------------------------------------
| oracle/                 |              |
|    keep                 | 0            |
| rollout/                |              |
|    ep_len_mean          | 49.8         |
|    ep_rew_mean          | -0.137       |
| time/                   |              |
|    fps                  | 6            |
|    iterations           | 179          |
|    time_elapsed         | 53668        |
|    total_timesteps      | 366592       |
| train/                  |              |
|    approx_kl            | 0.0024424104 |
|    clip_fraction        | 0.0219       |
|    clip_range           | 0.2          |
|    entropy_loss         | -0.168       |
|    explained_variance   | 0.563        |
|    learning_rate        | 1e-05        |
|    loss                 | 0.00224      |
|    n_updates            | 1780         |
|    policy_gradient_loss | -0.00473     |
|    value_loss           | 0.0349       |
------------------------------------------
------------------------------------------
| oracle/                 |              |
|    keep                 | 0            |
| rollout/                |              |
|    ep_len_mean          | 49.9         |
|    ep_rew_mean          | -0.111       |
| time/                   |              |
|    fps                  | 6            |
|    iterations           | 180          |
|    time_elapsed         | 53707        |
|    total_timesteps      | 368640       |
| train/                  |              |
|    approx_kl            | 0.0021340353 |
|    clip_fraction        | 0.0213       |
|    clip_range           | 0.2          |
|    entropy_loss         | -0.186       |
|    explained_variance   | 0.547        |
|    learning_rate        | 1e-05        |
|    loss                 | 0.0102       |
|    n_updates            | 1790         |
|    policy_gradient_loss | -0.0034      |
|    value_loss           | 0.0363       |
------------------------------------------
-----------------------------------------
| oracle/                 |             |
|    keep                 | 0           |
| rollout/                |             |
|    ep_len_mean          | 50.3        |
|    ep_rew_mean          | -0.187      |
| time/                   |             |
|    fps                  | 6           |
|    iterations           | 181         |
|    time_elapsed         | 53749       |
|    total_timesteps      | 370688      |
| train/                  |             |
|    approx_kl            | 0.003053244 |
|    clip_fraction        | 0.0354      |
|    clip_range           | 0.2         |
|    entropy_loss         | -0.167      |
|    explained_variance   | 0.395       |
|    learning_rate        | 1e-05       |
|    loss                 | 0.0108      |
|    n_updates            | 1800        |
|    policy_gradient_loss | -0.0049     |
|    value_loss           | 0.0409      |
-----------------------------------------
------------------------------------------
| oracle/                 |              |
|    keep                 | 0            |
| rollout/                |              |
|    ep_len_mean          | 48.1         |
|    ep_rew_mean          | -0.197       |
| time/                   |              |
|    fps                  | 6            |
|    iterations           | 182          |
|    time_elapsed         | 53795        |
|    total_timesteps      | 372736       |
| train/                  |              |
|    approx_kl            | 0.0023891777 |
|    clip_fraction        | 0.0243       |
|    clip_range           | 0.2          |
|    entropy_loss         | -0.17        |
|    explained_variance   | -0.00283     |
|    learning_rate        | 1e-05        |
|    loss                 | 0.0114       |
|    n_updates            | 1810         |
|    policy_gradient_loss | -0.00332     |
|    value_loss           | 0.0352       |
------------------------------------------
-----------------------------------------
| oracle/                 |             |
|    keep                 | 0           |
| rollout/                |             |
|    ep_len_mean          | 49.3        |
|    ep_rew_mean          | -0.172      |
| time/                   |             |
|    fps                  | 6           |
|    iterations           | 183         |
|    time_elapsed         | 53839       |
|    total_timesteps      | 374784      |
| train/                  |             |
|    approx_kl            | 0.003662975 |
|    clip_fraction        | 0.0361      |
|    clip_range           | 0.2         |
|    entropy_loss         | -0.171      |
|    explained_variance   | 0.462       |
|    learning_rate        | 1e-05       |
|    loss                 | 0.00675     |
|    n_updates            | 1820        |
|    policy_gradient_loss | -0.00578    |
|    value_loss           | 0.0327      |
-----------------------------------------
------------------------------------------
| oracle/                 |              |
|    keep                 | 0            |
| rollout/                |              |
|    ep_len_mean          | 48.7         |
|    ep_rew_mean          | -0.129       |
| time/                   |              |
|    fps                  | 6            |
|    iterations           | 184          |
|    time_elapsed         | 53884        |
|    total_timesteps      | 376832       |
| train/                  |              |
|    approx_kl            | 0.0019128174 |
|    clip_fraction        | 0.0201       |
|    clip_range           | 0.2          |
|    entropy_loss         | -0.166       |
|    explained_variance   | 0.581        |
|    learning_rate        | 1e-05        |
|    loss                 | -0.000613    |
|    n_updates            | 1830         |
|    policy_gradient_loss | -0.00206     |
|    value_loss           | 0.0131       |
------------------------------------------
------------------------------------------
| oracle/                 |              |
|    keep                 | 0            |
| rollout/                |              |
|    ep_len_mean          | 48.3         |
|    ep_rew_mean          | -0.112       |
| time/                   |              |
|    fps                  | 7            |
|    iterations           | 185          |
|    time_elapsed         | 53931        |
|    total_timesteps      | 378880       |
| train/                  |              |
|    approx_kl            | 0.0019078052 |
|    clip_fraction        | 0.0205       |
|    clip_range           | 0.2          |
|    entropy_loss         | -0.166       |
|    explained_variance   | 0.386        |
|    learning_rate        | 1e-05        |
|    loss                 | 0.00856      |
|    n_updates            | 1840         |
|    policy_gradient_loss | -0.0033      |
|    value_loss           | 0.0323       |
------------------------------------------
------------------------------------------
| oracle/                 |              |
|    keep                 | 0            |
| rollout/                |              |
|    ep_len_mean          | 50.6         |
|    ep_rew_mean          | -0.164       |
| time/                   |              |
|    fps                  | 7            |
|    iterations           | 186          |
|    time_elapsed         | 53975        |
|    total_timesteps      | 380928       |
| train/                  |              |
|    approx_kl            | 0.0029723556 |
|    clip_fraction        | 0.0372       |
|    clip_range           | 0.2          |
|    entropy_loss         | -0.158       |
|    explained_variance   | 0.282        |
|    learning_rate        | 1e-05        |
|    loss                 | 0.0149       |
|    n_updates            | 1850         |
|    policy_gradient_loss | -0.0021      |
|    value_loss           | 0.0368       |
------------------------------------------
------------------------------------------
| oracle/                 |              |
|    keep                 | 0            |
| rollout/                |              |
|    ep_len_mean          | 50.2         |
|    ep_rew_mean          | -0.138       |
| time/                   |              |
|    fps                  | 7            |
|    iterations           | 187          |
|    time_elapsed         | 54021        |
|    total_timesteps      | 382976       |
| train/                  |              |
|    approx_kl            | 0.0039857645 |
|    clip_fraction        | 0.0453       |
|    clip_range           | 0.2          |
|    entropy_loss         | -0.167       |
|    explained_variance   | 0.417        |
|    learning_rate        | 1e-05        |
|    loss                 | 0.00808      |
|    n_updates            | 1860         |
|    policy_gradient_loss | -0.0023      |
|    value_loss           | 0.0178       |
------------------------------------------
------------------------------------------
| oracle/                 |              |
|    keep                 | 0            |
| rollout/                |              |
|    ep_len_mean          | 50.2         |
|    ep_rew_mean          | -0.192       |
| time/                   |              |
|    fps                  | 7            |
|    iterations           | 188          |
|    time_elapsed         | 54078        |
|    total_timesteps      | 385024       |
| train/                  |              |
|    approx_kl            | 0.0027419168 |
|    clip_fraction        | 0.0335       |
|    clip_range           | 0.2          |
|    entropy_loss         | -0.167       |
|    explained_variance   | 0.604        |
|    learning_rate        | 1e-05        |
|    loss                 | 0.00208      |
|    n_updates            | 1870         |
|    policy_gradient_loss | -0.00253     |
|    value_loss           | 0.0374       |
------------------------------------------
------------------------------------------
| oracle/                 |              |
|    keep                 | 0            |
| rollout/                |              |
|    ep_len_mean          | 46.3         |
|    ep_rew_mean          | -0.178       |
| time/                   |              |
|    fps                  | 7            |
|    iterations           | 189          |
|    time_elapsed         | 54123        |
|    total_timesteps      | 387072       |
| train/                  |              |
|    approx_kl            | 0.0017731695 |
|    clip_fraction        | 0.0243       |
|    clip_range           | 0.2          |
|    entropy_loss         | -0.16        |
|    explained_variance   | 0.432        |
|    learning_rate        | 1e-05        |
|    loss                 | 0.000678     |
|    n_updates            | 1880         |
|    policy_gradient_loss | -0.00316     |
|    value_loss           | 0.0207       |
------------------------------------------
------------------------------------------
| oracle/                 |              |
|    keep                 | 0            |
| rollout/                |              |
|    ep_len_mean          | 45.9         |
|    ep_rew_mean          | -0.245       |
| time/                   |              |
|    fps                  | 7            |
|    iterations           | 190          |
|    time_elapsed         | 54171        |
|    total_timesteps      | 389120       |
| train/                  |              |
|    approx_kl            | 0.0029971767 |
|    clip_fraction        | 0.0314       |
|    clip_range           | 0.2          |
|    entropy_loss         | -0.168       |
|    explained_variance   | 0.425        |
|    learning_rate        | 1e-05        |
|    loss                 | -0.000763    |
|    n_updates            | 1890         |
|    policy_gradient_loss | -0.00382     |
|    value_loss           | 0.0276       |
------------------------------------------
-----------------------------------------
| oracle/                 |             |
|    keep                 | 0           |
| rollout/                |             |
|    ep_len_mean          | 47.3        |
|    ep_rew_mean          | -0.217      |
| time/                   |             |
|    fps                  | 7           |
|    iterations           | 191         |
|    time_elapsed         | 54205       |
|    total_timesteps      | 391168      |
| train/                  |             |
|    approx_kl            | 0.003097588 |
|    clip_fraction        | 0.0304      |
|    clip_range           | 0.2         |
|    entropy_loss         | -0.165      |
|    explained_variance   | 0.168       |
|    learning_rate        | 1e-05       |
|    loss                 | 0.00368     |
|    n_updates            | 1900        |
|    policy_gradient_loss | -0.0034     |
|    value_loss           | 0.0322      |
-----------------------------------------
------------------------------------------
| oracle/                 |              |
|    keep                 | 0            |
| rollout/                |              |
|    ep_len_mean          | 48.3         |
|    ep_rew_mean          | -0.205       |
| time/                   |              |
|    fps                  | 7            |
|    iterations           | 192          |
|    time_elapsed         | 54235        |
|    total_timesteps      | 393216       |
| train/                  |              |
|    approx_kl            | 0.0034379445 |
|    clip_fraction        | 0.0414       |
|    clip_range           | 0.2          |
|    entropy_loss         | -0.17        |
|    explained_variance   | 0.398        |
|    learning_rate        | 1e-05        |
|    loss                 | 0.0027       |
|    n_updates            | 1910         |
|    policy_gradient_loss | -0.0016      |
|    value_loss           | 0.0192       |
------------------------------------------
-----------------------------------------
| oracle/                 |             |
|    keep                 | 0           |
| rollout/                |             |
|    ep_len_mean          | 48.2        |
|    ep_rew_mean          | -0.167      |
| time/                   |             |
|    fps                  | 7           |
|    iterations           | 193         |
|    time_elapsed         | 54265       |
|    total_timesteps      | 395264      |
| train/                  |             |
|    approx_kl            | 0.004726244 |
|    clip_fraction        | 0.0437      |
|    clip_range           | 0.2         |
|    entropy_loss         | -0.167      |
|    explained_variance   | 0.346       |
|    learning_rate        | 1e-05       |
|    loss                 | 0.00452     |
|    n_updates            | 1920        |
|    policy_gradient_loss | -0.00166    |
|    value_loss           | 0.0328      |
-----------------------------------------
------------------------------------------
| oracle/                 |              |
|    keep                 | 0            |
| rollout/                |              |
|    ep_len_mean          | 47.8         |
|    ep_rew_mean          | -0.156       |
| time/                   |              |
|    fps                  | 7            |
|    iterations           | 194          |
|    time_elapsed         | 54296        |
|    total_timesteps      | 397312       |
| train/                  |              |
|    approx_kl            | 0.0030127983 |
|    clip_fraction        | 0.0353       |
|    clip_range           | 0.2          |
|    entropy_loss         | -0.162       |
|    explained_variance   | 0.466        |
|    learning_rate        | 1e-05        |
|    loss                 | 0.0125       |
|    n_updates            | 1930         |
|    policy_gradient_loss | -0.0035      |
|    value_loss           | 0.0461       |
------------------------------------------
------------------------------------------
| oracle/                 |              |
|    keep                 | 0            |
| rollout/                |              |
|    ep_len_mean          | 46.7         |
|    ep_rew_mean          | -0.219       |
| time/                   |              |
|    fps                  | 7            |
|    iterations           | 195          |
|    time_elapsed         | 54326        |
|    total_timesteps      | 399360       |
| train/                  |              |
|    approx_kl            | 0.0024385825 |
|    clip_fraction        | 0.0273       |
|    clip_range           | 0.2          |
|    entropy_loss         | -0.173       |
|    explained_variance   | -0.0946      |
|    learning_rate        | 1e-05        |
|    loss                 | 0.00716      |
|    n_updates            | 1940         |
|    policy_gradient_loss | -0.00326     |
|    value_loss           | 0.0353       |
------------------------------------------
------------------------------------------
| oracle/                 |              |
|    keep                 | 0            |
| rollout/                |              |
|    ep_len_mean          | 49.5         |
|    ep_rew_mean          | -0.185       |
| time/                   |              |
|    fps                  | 7            |
|    iterations           | 196          |
|    time_elapsed         | 54357        |
|    total_timesteps      | 401408       |
| train/                  |              |
|    approx_kl            | 0.0031677668 |
|    clip_fraction        | 0.037        |
|    clip_range           | 0.2          |
|    entropy_loss         | -0.18        |
|    explained_variance   | 0.337        |
|    learning_rate        | 1e-05        |
|    loss                 | -0.00691     |
|    n_updates            | 1950         |
|    policy_gradient_loss | -0.00178     |
|    value_loss           | 0.0149       |
------------------------------------------
------------------------------------------
| oracle/                 |              |
|    keep                 | 0            |
| rollout/                |              |
|    ep_len_mean          | 50.9         |
|    ep_rew_mean          | -0.19        |
| time/                   |              |
|    fps                  | 7            |
|    iterations           | 197          |
|    time_elapsed         | 54390        |
|    total_timesteps      | 403456       |
| train/                  |              |
|    approx_kl            | 0.0037041442 |
|    clip_fraction        | 0.042        |
|    clip_range           | 0.2          |
|    entropy_loss         | -0.174       |
|    explained_variance   | 0.418        |
|    learning_rate        | 1e-05        |
|    loss                 | 0.0184       |
|    n_updates            | 1960         |
|    policy_gradient_loss | -0.00272     |
|    value_loss           | 0.04         |
------------------------------------------
------------------------------------------
| oracle/                 |              |
|    keep                 | 0            |
| rollout/                |              |
|    ep_len_mean          | 50.7         |
|    ep_rew_mean          | -0.166       |
| time/                   |              |
|    fps                  | 7            |
|    iterations           | 198          |
|    time_elapsed         | 54418        |
|    total_timesteps      | 405504       |
| train/                  |              |
|    approx_kl            | 0.0020693473 |
|    clip_fraction        | 0.0238       |
|    clip_range           | 0.2          |
|    entropy_loss         | -0.177       |
|    explained_variance   | 0.283        |
|    learning_rate        | 1e-05        |
|    loss                 | 0.00551      |
|    n_updates            | 1970         |
|    policy_gradient_loss | -0.00393     |
|    value_loss           | 0.0234       |
------------------------------------------
------------------------------------------
| oracle/                 |              |
|    keep                 | 0            |
| rollout/                |              |
|    ep_len_mean          | 47.9         |
|    ep_rew_mean          | -0.19        |
| time/                   |              |
|    fps                  | 7            |
|    iterations           | 199          |
|    time_elapsed         | 54444        |
|    total_timesteps      | 407552       |
| train/                  |              |
|    approx_kl            | 0.0020996262 |
|    clip_fraction        | 0.0265       |
|    clip_range           | 0.2          |
|    entropy_loss         | -0.173       |
|    explained_variance   | 0.379        |
|    learning_rate        | 1e-05        |
|    loss                 | 0.00272      |
|    n_updates            | 1980         |
|    policy_gradient_loss | -0.0046      |
|    value_loss           | 0.0207       |
------------------------------------------
------------------------------------------
| oracle/                 |              |
|    keep                 | 0            |
| rollout/                |              |
|    ep_len_mean          | 47.7         |
|    ep_rew_mean          | -0.161       |
| time/                   |              |
|    fps                  | 7            |
|    iterations           | 200          |
|    time_elapsed         | 54469        |
|    total_timesteps      | 409600       |
| train/                  |              |
|    approx_kl            | 0.0022595911 |
|    clip_fraction        | 0.0123       |
|    clip_range           | 0.2          |
|    entropy_loss         | -0.165       |
|    explained_variance   | 0.316        |
|    learning_rate        | 1e-05        |
|    loss                 | 0.00174      |
|    n_updates            | 1990         |
|    policy_gradient_loss | -0.00412     |
|    value_loss           | 0.0202       |
------------------------------------------
------------------------------------------
| oracle/                 |              |
|    keep                 | 0            |
| rollout/                |              |
|    ep_len_mean          | 50           |
|    ep_rew_mean          | -0.136       |
| time/                   |              |
|    fps                  | 7            |
|    iterations           | 201          |
|    time_elapsed         | 54494        |
|    total_timesteps      | 411648       |
| train/                  |              |
|    approx_kl            | 0.0038669887 |
|    clip_fraction        | 0.036        |
|    clip_range           | 0.2          |
|    entropy_loss         | -0.17        |
|    explained_variance   | 0.464        |
|    learning_rate        | 1e-05        |
|    loss                 | 0.00465      |
|    n_updates            | 2000         |
|    policy_gradient_loss | -0.0032      |
|    value_loss           | 0.0289       |
------------------------------------------
-----------------------------------------
| oracle/                 |             |
|    keep                 | 0           |
| rollout/                |             |
|    ep_len_mean          | 51          |
|    ep_rew_mean          | -0.163      |
| time/                   |             |
|    fps                  | 7           |
|    iterations           | 202         |
|    time_elapsed         | 54526       |
|    total_timesteps      | 413696      |
| train/                  |             |
|    approx_kl            | 0.004761516 |
|    clip_fraction        | 0.0497      |
|    clip_range           | 0.2         |
|    entropy_loss         | -0.162      |
|    explained_variance   | 0.302       |
|    learning_rate        | 1e-05       |
|    loss                 | 0.00185     |
|    n_updates            | 2010        |
|    policy_gradient_loss | -0.00221    |
|    value_loss           | 0.0281      |
-----------------------------------------
------------------------------------------
| oracle/                 |              |
|    keep                 | 0            |
| rollout/                |              |
|    ep_len_mean          | 48.8         |
|    ep_rew_mean          | -0.138       |
| time/                   |              |
|    fps                  | 7            |
|    iterations           | 203          |
|    time_elapsed         | 54561        |
|    total_timesteps      | 415744       |
| train/                  |              |
|    approx_kl            | 0.0047537033 |
|    clip_fraction        | 0.0489       |
|    clip_range           | 0.2          |
|    entropy_loss         | -0.172       |
|    explained_variance   | 0.237        |
|    learning_rate        | 1e-05        |
|    loss                 | 0.00527      |
|    n_updates            | 2020         |
|    policy_gradient_loss | -0.00432     |
|    value_loss           | 0.0277       |
------------------------------------------
------------------------------------------
| oracle/                 |              |
|    keep                 | 0            |
| rollout/                |              |
|    ep_len_mean          | 46.6         |
|    ep_rew_mean          | -0.15        |
| time/                   |              |
|    fps                  | 7            |
|    iterations           | 204          |
|    time_elapsed         | 54601        |
|    total_timesteps      | 417792       |
| train/                  |              |
|    approx_kl            | 0.0030770774 |
|    clip_fraction        | 0.0297       |
|    clip_range           | 0.2          |
|    entropy_loss         | -0.172       |
|    explained_variance   | 0.442        |
|    learning_rate        | 1e-05        |
|    loss                 | 0.00675      |
|    n_updates            | 2030         |
|    policy_gradient_loss | -0.00368     |
|    value_loss           | 0.0275       |
------------------------------------------
------------------------------------------
| oracle/                 |              |
|    keep                 | 0            |
| rollout/                |              |
|    ep_len_mean          | 44.9         |
|    ep_rew_mean          | -0.153       |
| time/                   |              |
|    fps                  | 7            |
|    iterations           | 205          |
|    time_elapsed         | 54637        |
|    total_timesteps      | 419840       |
| train/                  |              |
|    approx_kl            | 0.0045290273 |
|    clip_fraction        | 0.0469       |
|    clip_range           | 0.2          |
|    entropy_loss         | -0.166       |
|    explained_variance   | 0.461        |
|    learning_rate        | 1e-05        |
|    loss                 | 0.0101       |
|    n_updates            | 2040         |
|    policy_gradient_loss | -0.00278     |
|    value_loss           | 0.0369       |
------------------------------------------
------------------------------------------
| oracle/                 |              |
|    keep                 | 0            |
| rollout/                |              |
|    ep_len_mean          | 45.9         |
|    ep_rew_mean          | -0.127       |
| time/                   |              |
|    fps                  | 7            |
|    iterations           | 206          |
|    time_elapsed         | 54669        |
|    total_timesteps      | 421888       |
| train/                  |              |
|    approx_kl            | 0.0022167035 |
|    clip_fraction        | 0.0201       |
|    clip_range           | 0.2          |
|    entropy_loss         | -0.151       |
|    explained_variance   | 0.161        |
|    learning_rate        | 1e-05        |
|    loss                 | 0.00513      |
|    n_updates            | 2050         |
|    policy_gradient_loss | -0.00357     |
|    value_loss           | 0.0312       |
------------------------------------------
-----------------------------------------
| oracle/                 |             |
|    keep                 | 0           |
| rollout/                |             |
|    ep_len_mean          | 48.2        |
|    ep_rew_mean          | -0.166      |
| time/                   |             |
|    fps                  | 7           |
|    iterations           | 207         |
|    time_elapsed         | 54700       |
|    total_timesteps      | 423936      |
| train/                  |             |
|    approx_kl            | 0.001621971 |
|    clip_fraction        | 0.025       |
|    clip_range           | 0.2         |
|    entropy_loss         | -0.164      |
|    explained_variance   | 0.424       |
|    learning_rate        | 1e-05       |
|    loss                 | 0.011       |
|    n_updates            | 2060        |
|    policy_gradient_loss | -0.00214    |
|    value_loss           | 0.0362      |
-----------------------------------------
-----------------------------------------
| oracle/                 |             |
|    keep                 | 0           |
| rollout/                |             |
|    ep_len_mean          | 47          |
|    ep_rew_mean          | -0.2        |
| time/                   |             |
|    fps                  | 7           |
|    iterations           | 208         |
|    time_elapsed         | 54732       |
|    total_timesteps      | 425984      |
| train/                  |             |
|    approx_kl            | 0.006079196 |
|    clip_fraction        | 0.0591      |
|    clip_range           | 0.2         |
|    entropy_loss         | -0.156      |
|    explained_variance   | 0.335       |
|    learning_rate        | 1e-05       |
|    loss                 | -0.00242    |
|    n_updates            | 2070        |
|    policy_gradient_loss | -0.00343    |
|    value_loss           | 0.0164      |
-----------------------------------------
-----------------------------------------
| oracle/                 |             |
|    keep                 | 0           |
| rollout/                |             |
|    ep_len_mean          | 47.2        |
|    ep_rew_mean          | -0.162      |
| time/                   |             |
|    fps                  | 7           |
|    iterations           | 209         |
|    time_elapsed         | 54767       |
|    total_timesteps      | 428032      |
| train/                  |             |
|    approx_kl            | 0.002361404 |
|    clip_fraction        | 0.0297      |
|    clip_range           | 0.2         |
|    entropy_loss         | -0.173      |
|    explained_variance   | 0.451       |
|    learning_rate        | 1e-05       |
|    loss                 | 0.0123      |
|    n_updates            | 2080        |
|    policy_gradient_loss | -0.00422    |
|    value_loss           | 0.0369      |
-----------------------------------------
------------------------------------------
| oracle/                 |              |
|    keep                 | 0            |
| rollout/                |              |
|    ep_len_mean          | 44.5         |
|    ep_rew_mean          | -0.202       |
| time/                   |              |
|    fps                  | 7            |
|    iterations           | 210          |
|    time_elapsed         | 54802        |
|    total_timesteps      | 430080       |
| train/                  |              |
|    approx_kl            | 0.0027629985 |
|    clip_fraction        | 0.0341       |
|    clip_range           | 0.2          |
|    entropy_loss         | -0.169       |
|    explained_variance   | 0.415        |
|    learning_rate        | 1e-05        |
|    loss                 | 0.00529      |
|    n_updates            | 2090         |
|    policy_gradient_loss | -0.00281     |
|    value_loss           | 0.0278       |
------------------------------------------
------------------------------------------
| oracle/                 |              |
|    keep                 | 0            |
| rollout/                |              |
|    ep_len_mean          | 44.6         |
|    ep_rew_mean          | -0.159       |
| time/                   |              |
|    fps                  | 7            |
|    iterations           | 211          |
|    time_elapsed         | 54839        |
|    total_timesteps      | 432128       |
| train/                  |              |
|    approx_kl            | 0.0021984559 |
|    clip_fraction        | 0.0243       |
|    clip_range           | 0.2          |
|    entropy_loss         | -0.175       |
|    explained_variance   | 0.57         |
|    learning_rate        | 1e-05        |
|    loss                 | 0.0162       |
|    n_updates            | 2100         |
|    policy_gradient_loss | -0.00389     |
|    value_loss           | 0.028        |
------------------------------------------
------------------------------------------
| oracle/                 |              |
|    keep                 | 0            |
| rollout/                |              |
|    ep_len_mean          | 47.6         |
|    ep_rew_mean          | -0.15        |
| time/                   |              |
|    fps                  | 7            |
|    iterations           | 212          |
|    time_elapsed         | 54866        |
|    total_timesteps      | 434176       |
| train/                  |              |
|    approx_kl            | 0.0021835517 |
|    clip_fraction        | 0.0241       |
|    clip_range           | 0.2          |
|    entropy_loss         | -0.163       |
|    explained_variance   | 0.61         |
|    learning_rate        | 1e-05        |
|    loss                 | 0.00235      |
|    n_updates            | 2110         |
|    policy_gradient_loss | -0.00492     |
|    value_loss           | 0.0179       |
------------------------------------------
------------------------------------------
| oracle/                 |              |
|    keep                 | 0            |
| rollout/                |              |
|    ep_len_mean          | 47.3         |
|    ep_rew_mean          | -0.162       |
| time/                   |              |
|    fps                  | 7            |
|    iterations           | 213          |
|    time_elapsed         | 56340        |
|    total_timesteps      | 436224       |
| train/                  |              |
|    approx_kl            | 0.0019807303 |
|    clip_fraction        | 0.0233       |
|    clip_range           | 0.2          |
|    entropy_loss         | -0.163       |
|    explained_variance   | 0.494        |
|    learning_rate        | 1e-05        |
|    loss                 | 0.00464      |
|    n_updates            | 2120         |
|    policy_gradient_loss | -0.00182     |
|    value_loss           | 0.0311       |
------------------------------------------
------------------------------------------
| oracle/                 |              |
|    keep                 | 0            |
| rollout/                |              |
|    ep_len_mean          | 48           |
|    ep_rew_mean          | -0.206       |
| time/                   |              |
|    fps                  | 7            |
|    iterations           | 214          |
|    time_elapsed         | 56872        |
|    total_timesteps      | 438272       |
| train/                  |              |
|    approx_kl            | 0.0027751888 |
|    clip_fraction        | 0.0305       |
|    clip_range           | 0.2          |
|    entropy_loss         | -0.164       |
|    explained_variance   | 0.372        |
|    learning_rate        | 1e-05        |
|    loss                 | 0.00362      |
|    n_updates            | 2130         |
|    policy_gradient_loss | -0.0046      |
|    value_loss           | 0.0248       |
------------------------------------------
------------------------------------------
| oracle/                 |              |
|    keep                 | 0            |
| rollout/                |              |
|    ep_len_mean          | 50.6         |
|    ep_rew_mean          | -0.207       |
| time/                   |              |
|    fps                  | 7            |
|    iterations           | 215          |
|    time_elapsed         | 56900        |
|    total_timesteps      | 440320       |
| train/                  |              |
|    approx_kl            | 0.0015191695 |
|    clip_fraction        | 0.0169       |
|    clip_range           | 0.2          |
|    entropy_loss         | -0.157       |
|    explained_variance   | 0.175        |
|    learning_rate        | 1e-05        |
|    loss                 | 0.00706      |
|    n_updates            | 2140         |
|    policy_gradient_loss | -0.0028      |
|    value_loss           | 0.0284       |
------------------------------------------
-----------------------------------------
| oracle/                 |             |
|    keep                 | 0           |
| rollout/                |             |
|    ep_len_mean          | 49          |
|    ep_rew_mean          | -0.252      |
| time/                   |             |
|    fps                  | 7           |
|    iterations           | 216         |
|    time_elapsed         | 56920       |
|    total_timesteps      | 442368      |
| train/                  |             |
|    approx_kl            | 0.001608765 |
|    clip_fraction        | 0.0169      |
|    clip_range           | 0.2         |
|    entropy_loss         | -0.165      |
|    explained_variance   | 0.172       |
|    learning_rate        | 1e-05       |
|    loss                 | 0.00252     |
|    n_updates            | 2150        |
|    policy_gradient_loss | -0.00347    |
|    value_loss           | 0.0249      |
-----------------------------------------
-----------------------------------------
| oracle/                 |             |
|    keep                 | 0           |
| rollout/                |             |
|    ep_len_mean          | 44.5        |
|    ep_rew_mean          | -0.26       |
| time/                   |             |
|    fps                  | 7           |
|    iterations           | 217         |
|    time_elapsed         | 56939       |
|    total_timesteps      | 444416      |
| train/                  |             |
|    approx_kl            | 0.004765624 |
|    clip_fraction        | 0.0458      |
|    clip_range           | 0.2         |
|    entropy_loss         | -0.168      |
|    explained_variance   | 0.252       |
|    learning_rate        | 1e-05       |
|    loss                 | -0.00135    |
|    n_updates            | 2160        |
|    policy_gradient_loss | -0.0038     |
|    value_loss           | 0.0195      |
-----------------------------------------
-----------------------------------------
| oracle/                 |             |
|    keep                 | 0           |
| rollout/                |             |
|    ep_len_mean          | 45.9        |
|    ep_rew_mean          | -0.247      |
| time/                   |             |
|    fps                  | 7           |
|    iterations           | 218         |
|    time_elapsed         | 56958       |
|    total_timesteps      | 446464      |
| train/                  |             |
|    approx_kl            | 0.001819028 |
|    clip_fraction        | 0.0222      |
|    clip_range           | 0.2         |
|    entropy_loss         | -0.152      |
|    explained_variance   | 0.339       |
|    learning_rate        | 1e-05       |
|    loss                 | 0.0063      |
|    n_updates            | 2170        |
|    policy_gradient_loss | -0.00242    |
|    value_loss           | 0.0247      |
-----------------------------------------
------------------------------------------
| oracle/                 |              |
|    keep                 | 0            |
| rollout/                |              |
|    ep_len_mean          | 46.3         |
|    ep_rew_mean          | -0.208       |
| time/                   |              |
|    fps                  | 7            |
|    iterations           | 219          |
|    time_elapsed         | 56977        |
|    total_timesteps      | 448512       |
| train/                  |              |
|    approx_kl            | 0.0022714227 |
|    clip_fraction        | 0.0295       |
|    clip_range           | 0.2          |
|    entropy_loss         | -0.158       |
|    explained_variance   | 0.108        |
|    learning_rate        | 1e-05        |
|    loss                 | -0.00353     |
|    n_updates            | 2180         |
|    policy_gradient_loss | -0.00321     |
|    value_loss           | 0.0129       |
------------------------------------------
------------------------------------------
| oracle/                 |              |
|    keep                 | 0            |
| rollout/                |              |
|    ep_len_mean          | 46.8         |
|    ep_rew_mean          | -0.196       |
| time/                   |              |
|    fps                  | 7            |
|    iterations           | 220          |
|    time_elapsed         | 56997        |
|    total_timesteps      | 450560       |
| train/                  |              |
|    approx_kl            | 0.0029098936 |
|    clip_fraction        | 0.0287       |
|    clip_range           | 0.2          |
|    entropy_loss         | -0.152       |
|    explained_variance   | 0.2          |
|    learning_rate        | 1e-05        |
|    loss                 | 0.0164       |
|    n_updates            | 2190         |
|    policy_gradient_loss | -0.00395     |
|    value_loss           | 0.0556       |
------------------------------------------
----------------------------------------
| oracle/                 |            |
|    keep                 | 0          |
| rollout/                |            |
|    ep_len_mean          | 47.2       |
|    ep_rew_mean          | -0.202     |
| time/                   |            |
|    fps                  | 7          |
|    iterations           | 221        |
|    time_elapsed         | 57015      |
|    total_timesteps      | 452608     |
| train/                  |            |
|    approx_kl            | 0.00594512 |
|    clip_fraction        | 0.054      |
|    clip_range           | 0.2        |
|    entropy_loss         | -0.165     |
|    explained_variance   | 0.415      |
|    learning_rate        | 1e-05      |
|    loss                 | 0.00375    |
|    n_updates            | 2200       |
|    policy_gradient_loss | -0.00371   |
|    value_loss           | 0.0205     |
----------------------------------------
-----------------------------------------
| oracle/                 |             |
|    keep                 | 0           |
| rollout/                |             |
|    ep_len_mean          | 45.7        |
|    ep_rew_mean          | -0.139      |
| time/                   |             |
|    fps                  | 7           |
|    iterations           | 222         |
|    time_elapsed         | 57034       |
|    total_timesteps      | 454656      |
| train/                  |             |
|    approx_kl            | 0.002479732 |
|    clip_fraction        | 0.0261      |
|    clip_range           | 0.2         |
|    entropy_loss         | -0.16       |
|    explained_variance   | 0.217       |
|    learning_rate        | 1e-05       |
|    loss                 | 0.00762     |
|    n_updates            | 2210        |
|    policy_gradient_loss | -0.00473    |
|    value_loss           | 0.0313      |
-----------------------------------------
------------------------------------------
| oracle/                 |              |
|    keep                 | 0            |
| rollout/                |              |
|    ep_len_mean          | 44.9         |
|    ep_rew_mean          | -0.141       |
| time/                   |              |
|    fps                  | 8            |
|    iterations           | 223          |
|    time_elapsed         | 57055        |
|    total_timesteps      | 456704       |
| train/                  |              |
|    approx_kl            | 0.0025832027 |
|    clip_fraction        | 0.0318       |
|    clip_range           | 0.2          |
|    entropy_loss         | -0.163       |
|    explained_variance   | 0.502        |
|    learning_rate        | 1e-05        |
|    loss                 | 0.0079       |
|    n_updates            | 2220         |
|    policy_gradient_loss | -0.00268     |
|    value_loss           | 0.0342       |
------------------------------------------
-----------------------------------------
| oracle/                 |             |
|    keep                 | 0           |
| rollout/                |             |
|    ep_len_mean          | 44.5        |
|    ep_rew_mean          | -0.217      |
| time/                   |             |
|    fps                  | 8           |
|    iterations           | 224         |
|    time_elapsed         | 57075       |
|    total_timesteps      | 458752      |
| train/                  |             |
|    approx_kl            | 0.002041863 |
|    clip_fraction        | 0.0195      |
|    clip_range           | 0.2         |
|    entropy_loss         | -0.16       |
|    explained_variance   | 0.381       |
|    learning_rate        | 1e-05       |
|    loss                 | 0.0132      |
|    n_updates            | 2230        |
|    policy_gradient_loss | -0.00305    |
|    value_loss           | 0.0417      |
-----------------------------------------
------------------------------------------
| oracle/                 |              |
|    keep                 | 0            |
| rollout/                |              |
|    ep_len_mean          | 43.6         |
|    ep_rew_mean          | -0.167       |
| time/                   |              |
|    fps                  | 8            |
|    iterations           | 225          |
|    time_elapsed         | 57095        |
|    total_timesteps      | 460800       |
| train/                  |              |
|    approx_kl            | 0.0018888842 |
|    clip_fraction        | 0.014        |
|    clip_range           | 0.2          |
|    entropy_loss         | -0.161       |
|    explained_variance   | 0.345        |
|    learning_rate        | 1e-05        |
|    loss                 | 0.005        |
|    n_updates            | 2240         |
|    policy_gradient_loss | -0.00402     |
|    value_loss           | 0.0242       |
------------------------------------------
-----------------------------------------
| oracle/                 |             |
|    keep                 | 0           |
| rollout/                |             |
|    ep_len_mean          | 46          |
|    ep_rew_mean          | -0.115      |
| time/                   |             |
|    fps                  | 8           |
|    iterations           | 226         |
|    time_elapsed         | 57113       |
|    total_timesteps      | 462848      |
| train/                  |             |
|    approx_kl            | 0.002669392 |
|    clip_fraction        | 0.0251      |
|    clip_range           | 0.2         |
|    entropy_loss         | -0.159      |
|    explained_variance   | 0.503       |
|    learning_rate        | 1e-05       |
|    loss                 | 0.00531     |
|    n_updates            | 2250        |
|    policy_gradient_loss | -0.00229    |
|    value_loss           | 0.0257      |
-----------------------------------------
-----------------------------------------
| oracle/                 |             |
|    keep                 | 0           |
| rollout/                |             |
|    ep_len_mean          | 47.9        |
|    ep_rew_mean          | -0.116      |
| time/                   |             |
|    fps                  | 8           |
|    iterations           | 227         |
|    time_elapsed         | 57133       |
|    total_timesteps      | 464896      |
| train/                  |             |
|    approx_kl            | 0.002979497 |
|    clip_fraction        | 0.0292      |
|    clip_range           | 0.2         |
|    entropy_loss         | -0.155      |
|    explained_variance   | 0.402       |
|    learning_rate        | 1e-05       |
|    loss                 | -0.00203    |
|    n_updates            | 2260        |
|    policy_gradient_loss | -0.00436    |
|    value_loss           | 0.0205      |
-----------------------------------------
------------------------------------------
| oracle/                 |              |
|    keep                 | 0            |
| rollout/                |              |
|    ep_len_mean          | 48.3         |
|    ep_rew_mean          | -0.16        |
| time/                   |              |
|    fps                  | 8            |
|    iterations           | 228          |
|    time_elapsed         | 57152        |
|    total_timesteps      | 466944       |
| train/                  |              |
|    approx_kl            | 0.0018285073 |
|    clip_fraction        | 0.0166       |
|    clip_range           | 0.2          |
|    entropy_loss         | -0.146       |
|    explained_variance   | 0.268        |
|    learning_rate        | 1e-05        |
|    loss                 | 0.000956     |
|    n_updates            | 2270         |
|    policy_gradient_loss | -0.00482     |
|    value_loss           | 0.0202       |
------------------------------------------
------------------------------------------
| oracle/                 |              |
|    keep                 | 0            |
| rollout/                |              |
|    ep_len_mean          | 48.6         |
|    ep_rew_mean          | -0.183       |
| time/                   |              |
|    fps                  | 8            |
|    iterations           | 229          |
|    time_elapsed         | 57175        |
|    total_timesteps      | 468992       |
| train/                  |              |
|    approx_kl            | 0.0021399714 |
|    clip_fraction        | 0.0291       |
|    clip_range           | 0.2          |
|    entropy_loss         | -0.166       |
|    explained_variance   | 0.571        |
|    learning_rate        | 1e-05        |
|    loss                 | -0.000714    |
|    n_updates            | 2280         |
|    policy_gradient_loss | -0.00377     |
|    value_loss           | 0.0131       |
------------------------------------------
----------------------------------------
| oracle/                 |            |
|    keep                 | 0          |
| rollout/                |            |
|    ep_len_mean          | 47         |
|    ep_rew_mean          | -0.196     |
| time/                   |            |
|    fps                  | 8          |
|    iterations           | 230        |
|    time_elapsed         | 57196      |
|    total_timesteps      | 471040     |
| train/                  |            |
|    approx_kl            | 0.00225082 |
|    clip_fraction        | 0.0276     |
|    clip_range           | 0.2        |
|    entropy_loss         | -0.167     |
|    explained_variance   | 0.482      |
|    learning_rate        | 1e-05      |
|    loss                 | 0.00161    |
|    n_updates            | 2290       |
|    policy_gradient_loss | -0.00455   |
|    value_loss           | 0.0221     |
----------------------------------------
------------------------------------------
| oracle/                 |              |
|    keep                 | 0            |
| rollout/                |              |
|    ep_len_mean          | 48.5         |
|    ep_rew_mean          | -0.197       |
| time/                   |              |
|    fps                  | 8            |
|    iterations           | 231          |
|    time_elapsed         | 57215        |
|    total_timesteps      | 473088       |
| train/                  |              |
|    approx_kl            | 0.0018636493 |
|    clip_fraction        | 0.017        |
|    clip_range           | 0.2          |
|    entropy_loss         | -0.143       |
|    explained_variance   | 0.324        |
|    learning_rate        | 1e-05        |
|    loss                 | 0.000859     |
|    n_updates            | 2300         |
|    policy_gradient_loss | -0.00279     |
|    value_loss           | 0.0188       |
------------------------------------------
------------------------------------------
| oracle/                 |              |
|    keep                 | 0            |
| rollout/                |              |
|    ep_len_mean          | 48.5         |
|    ep_rew_mean          | -0.126       |
| time/                   |              |
|    fps                  | 8            |
|    iterations           | 232          |
|    time_elapsed         | 57235        |
|    total_timesteps      | 475136       |
| train/                  |              |
|    approx_kl            | 0.0020543938 |
|    clip_fraction        | 0.0256       |
|    clip_range           | 0.2          |
|    entropy_loss         | -0.167       |
|    explained_variance   | 0.166        |
|    learning_rate        | 1e-05        |
|    loss                 | 0.0156       |
|    n_updates            | 2310         |
|    policy_gradient_loss | -0.00187     |
|    value_loss           | 0.0353       |
------------------------------------------
-----------------------------------------
| oracle/                 |             |
|    keep                 | 0           |
| rollout/                |             |
|    ep_len_mean          | 48.2        |
|    ep_rew_mean          | -0.155      |
| time/                   |             |
|    fps                  | 8           |
|    iterations           | 233         |
|    time_elapsed         | 57257       |
|    total_timesteps      | 477184      |
| train/                  |             |
|    approx_kl            | 0.003021581 |
|    clip_fraction        | 0.0336      |
|    clip_range           | 0.2         |
|    entropy_loss         | -0.15       |
|    explained_variance   | -0.0279     |
|    learning_rate        | 1e-05       |
|    loss                 | 0.0155      |
|    n_updates            | 2320        |
|    policy_gradient_loss | -0.00271    |
|    value_loss           | 0.0489      |
-----------------------------------------
----------------------------------------
| oracle/                 |            |
|    keep                 | 0          |
| rollout/                |            |
|    ep_len_mean          | 47.9       |
|    ep_rew_mean          | -0.228     |
| time/                   |            |
|    fps                  | 8          |
|    iterations           | 234        |
|    time_elapsed         | 57277      |
|    total_timesteps      | 479232     |
| train/                  |            |
|    approx_kl            | 0.00489899 |
|    clip_fraction        | 0.0487     |
|    clip_range           | 0.2        |
|    entropy_loss         | -0.169     |
|    explained_variance   | 0.355      |
|    learning_rate        | 1e-05      |
|    loss                 | -0.00213   |
|    n_updates            | 2330       |
|    policy_gradient_loss | -0.00444   |
|    value_loss           | 0.0184     |
----------------------------------------
------------------------------------------
| oracle/                 |              |
|    keep                 | 0            |
| rollout/                |              |
|    ep_len_mean          | 47.3         |
|    ep_rew_mean          | -0.23        |
| time/                   |              |
|    fps                  | 8            |
|    iterations           | 235          |
|    time_elapsed         | 57300        |
|    total_timesteps      | 481280       |
| train/                  |              |
|    approx_kl            | 0.0046442794 |
|    clip_fraction        | 0.051        |
|    clip_range           | 0.2          |
|    entropy_loss         | -0.165       |
|    explained_variance   | 0.43         |
|    learning_rate        | 1e-05        |
|    loss                 | -0.00259     |
|    n_updates            | 2340         |
|    policy_gradient_loss | -0.00348     |
|    value_loss           | 0.0175       |
------------------------------------------
------------------------------------------
| oracle/                 |              |
|    keep                 | 0            |
| rollout/                |              |
|    ep_len_mean          | 49           |
|    ep_rew_mean          | -0.192       |
| time/                   |              |
|    fps                  | 8            |
|    iterations           | 236          |
|    time_elapsed         | 57321        |
|    total_timesteps      | 483328       |
| train/                  |              |
|    approx_kl            | 0.0016554978 |
|    clip_fraction        | 0.0197       |
|    clip_range           | 0.2          |
|    entropy_loss         | -0.168       |
|    explained_variance   | 0.383        |
|    learning_rate        | 1e-05        |
|    loss                 | 0.00579      |
|    n_updates            | 2350         |
|    policy_gradient_loss | -0.00226     |
|    value_loss           | 0.0279       |
------------------------------------------
------------------------------------------
| oracle/                 |              |
|    keep                 | 0            |
| rollout/                |              |
|    ep_len_mean          | 47.1         |
|    ep_rew_mean          | -0.2         |
| time/                   |              |
|    fps                  | 8            |
|    iterations           | 237          |
|    time_elapsed         | 57342        |
|    total_timesteps      | 485376       |
| train/                  |              |
|    approx_kl            | 0.0028091501 |
|    clip_fraction        | 0.0334       |
|    clip_range           | 0.2          |
|    entropy_loss         | -0.157       |
|    explained_variance   | 0.349        |
|    learning_rate        | 1e-05        |
|    loss                 | 0.0014       |
|    n_updates            | 2360         |
|    policy_gradient_loss | -0.0022      |
|    value_loss           | 0.0199       |
------------------------------------------
------------------------------------------
| oracle/                 |              |
|    keep                 | 0            |
| rollout/                |              |
|    ep_len_mean          | 46.7         |
|    ep_rew_mean          | -0.156       |
| time/                   |              |
|    fps                  | 8            |
|    iterations           | 238          |
|    time_elapsed         | 57364        |
|    total_timesteps      | 487424       |
| train/                  |              |
|    approx_kl            | 0.0037194216 |
|    clip_fraction        | 0.0409       |
|    clip_range           | 0.2          |
|    entropy_loss         | -0.154       |
|    explained_variance   | 0.424        |
|    learning_rate        | 1e-05        |
|    loss                 | 0.0086       |
|    n_updates            | 2370         |
|    policy_gradient_loss | -0.00143     |
|    value_loss           | 0.0238       |
------------------------------------------
------------------------------------------
| oracle/                 |              |
|    keep                 | 0            |
| rollout/                |              |
|    ep_len_mean          | 46.6         |
|    ep_rew_mean          | -0.136       |
| time/                   |              |
|    fps                  | 8            |
|    iterations           | 239          |
|    time_elapsed         | 57387        |
|    total_timesteps      | 489472       |
| train/                  |              |
|    approx_kl            | 0.0054193623 |
|    clip_fraction        | 0.0458       |
|    clip_range           | 0.2          |
|    entropy_loss         | -0.152       |
|    explained_variance   | 0.558        |
|    learning_rate        | 1e-05        |
|    loss                 | 0.000139     |
|    n_updates            | 2380         |
|    policy_gradient_loss | -0.00274     |
|    value_loss           | 0.0371       |
------------------------------------------
------------------------------------------
| oracle/                 |              |
|    keep                 | 0            |
| rollout/                |              |
|    ep_len_mean          | 46.4         |
|    ep_rew_mean          | -0.171       |
| time/                   |              |
|    fps                  | 8            |
|    iterations           | 240          |
|    time_elapsed         | 57411        |
|    total_timesteps      | 491520       |
| train/                  |              |
|    approx_kl            | 0.0017042444 |
|    clip_fraction        | 0.0157       |
|    clip_range           | 0.2          |
|    entropy_loss         | -0.163       |
|    explained_variance   | 0.412        |
|    learning_rate        | 1e-05        |
|    loss                 | 0.00673      |
|    n_updates            | 2390         |
|    policy_gradient_loss | -0.00395     |
|    value_loss           | 0.0283       |
------------------------------------------
-----------------------------------------
| oracle/                 |             |
|    keep                 | 0           |
| rollout/                |             |
|    ep_len_mean          | 45.7        |
|    ep_rew_mean          | -0.11       |
| time/                   |             |
|    fps                  | 8           |
|    iterations           | 241         |
|    time_elapsed         | 57432       |
|    total_timesteps      | 493568      |
| train/                  |             |
|    approx_kl            | 0.002860493 |
|    clip_fraction        | 0.0387      |
|    clip_range           | 0.2         |
|    entropy_loss         | -0.166      |
|    explained_variance   | 0.329       |
|    learning_rate        | 1e-05       |
|    loss                 | 0.00511     |
|    n_updates            | 2400        |
|    policy_gradient_loss | -0.000181   |
|    value_loss           | 0.0229      |
-----------------------------------------
------------------------------------------
| oracle/                 |              |
|    keep                 | 0            |
| rollout/                |              |
|    ep_len_mean          | 46.7         |
|    ep_rew_mean          | -0.064       |
| time/                   |              |
|    fps                  | 8            |
|    iterations           | 242          |
|    time_elapsed         | 57457        |
|    total_timesteps      | 495616       |
| train/                  |              |
|    approx_kl            | 0.0033825869 |
|    clip_fraction        | 0.0431       |
|    clip_range           | 0.2          |
|    entropy_loss         | -0.162       |
|    explained_variance   | 0.418        |
|    learning_rate        | 1e-05        |
|    loss                 | 0.014        |
|    n_updates            | 2410         |
|    policy_gradient_loss | -0.000304    |
|    value_loss           | 0.0469       |
------------------------------------------
------------------------------------------
| oracle/                 |              |
|    keep                 | 0            |
| rollout/                |              |
|    ep_len_mean          | 46.1         |
|    ep_rew_mean          | -0.0644      |
| time/                   |              |
|    fps                  | 8            |
|    iterations           | 243          |
|    time_elapsed         | 57480        |
|    total_timesteps      | 497664       |
| train/                  |              |
|    approx_kl            | 0.0026773694 |
|    clip_fraction        | 0.0334       |
|    clip_range           | 0.2          |
|    entropy_loss         | -0.144       |
|    explained_variance   | 0.243        |
|    learning_rate        | 1e-05        |
|    loss                 | 0.00672      |
|    n_updates            | 2420         |
|    policy_gradient_loss | -0.00227     |
|    value_loss           | 0.0307       |
------------------------------------------
------------------------------------------
| oracle/                 |              |
|    keep                 | 0            |
| rollout/                |              |
|    ep_len_mean          | 46.9         |
|    ep_rew_mean          | -0.143       |
| time/                   |              |
|    fps                  | 8            |
|    iterations           | 244          |
|    time_elapsed         | 59305        |
|    total_timesteps      | 499712       |
| train/                  |              |
|    approx_kl            | 0.0018657598 |
|    clip_fraction        | 0.0226       |
|    clip_range           | 0.2          |
|    entropy_loss         | -0.149       |
|    explained_variance   | 0.414        |
|    learning_rate        | 1e-05        |
|    loss                 | 0.0135       |
|    n_updates            | 2430         |
|    policy_gradient_loss | -0.00426     |
|    value_loss           | 0.0378       |
------------------------------------------
------------------------------------------
| oracle/                 |              |
|    keep                 | 0            |
| rollout/                |              |
|    ep_len_mean          | 46.2         |
|    ep_rew_mean          | -0.168       |
| time/                   |              |
|    fps                  | 8            |
|    iterations           | 245          |
|    time_elapsed         | 60330        |
|    total_timesteps      | 501760       |
| train/                  |              |
|    approx_kl            | 0.0019946736 |
|    clip_fraction        | 0.0258       |
|    clip_range           | 0.2          |
|    entropy_loss         | -0.159       |
|    explained_variance   | 0.482        |
|    learning_rate        | 1e-05        |
|    loss                 | -0.000941    |
|    n_updates            | 2440         |
|    policy_gradient_loss | -0.00367     |
|    value_loss           | 0.0196       |
------------------------------------------
完成 500000 步,用时 60356s
